id,paper_doi,paper_year,system_type,parameter_name,parameter_category,parameter_subcategory,parameter_unit,numeric_value,uncertainty,measurement_method,confidence,validation_status,source_context,verified_mes_paper
9e11f68d-661e-4a87-98db-540fe9bf0ba9,,,MFC,Absolute Pressure,ENVIRONMENTAL,Pressure Parameters,kPa,2,,,1.000,AUTO_VALIDATED,absolute pressure was 2 bar,f
06ca55f1-e23f-4fee-a31e-b5e101a6fc14,,,MFC,Absolute Pressure,ENVIRONMENTAL,Pressure Parameters,kPa,2,,,1.000,AUTO_VALIDATED,absolute pressure was 2 bar,f
f068b2b2-14de-4aa1-ac35-bb2d25578974,,,MFC,Absolute Pressure,ENVIRONMENTAL,Pressure Parameters,kPa,2,,,1.000,AUTO_VALIDATED,absolute pressure was 2 bar,f
f3e68d79-2247-4ba7-92de-80872cd06d4f,,,MFC,Absolute Pressure,ENVIRONMENTAL,Pressure Parameters,kPa,2,,,1.000,AUTO_VALIDATED,absolute pressure was 2 bar,f
0181570d-39c0-4bc9-b099-ad34acd514a2,,,MFC,Light Intensity,ENVIRONMENTAL,,μmol/m²·s,90,,,1.000,AUTO_VALIDATED,light intensity was 90 mmol,t
89664dd0-716b-4ed6-b1f4-5145899d5bd3,,,MFC,Light Intensity,ENVIRONMENTAL,,μmol/m²·s,90,,,1.000,AUTO_VALIDATED,light intensity was 90 mmol,t
70dcac70-0ef0-4051-9f62-1a3ed7a9aade,,,MFC,Light Intensity,ENVIRONMENTAL,,μmol/m²·s,90,,,1.000,AUTO_VALIDATED,light intensity was 90 mmol,t
baa4f92d-8bbd-4503-9dd9-1b8d08c060f6,,,MFC,Light Intensity,ENVIRONMENTAL,,μmol/m²·s,90,,,1.000,AUTO_VALIDATED,light intensity was 90 mmol,t
d9daae50-9c4b-4af3-8694-5f08991cbca9,,,MFC,Light Intensity,ENVIRONMENTAL,,μmol/m²·s,90,,,1.000,AUTO_VALIDATED,light intensity was 90 mmol,t
5c631969-0a71-4254-b5c4-fa3e1433742f,,,MFC,Light Intensity,ENVIRONMENTAL,,μmol/m²·s,90,,,1.000,AUTO_VALIDATED,light intensity was 90 mmol,t
e2a90636-7b29-47ee-97f3-b8e312ab2f7c,,,MFC,Light Intensity,ENVIRONMENTAL,,μmol/m²·s,90,,,1.000,AUTO_VALIDATED,light intensity was 90 mmol,t
75548f2b-7e05-4708-a0f4-82e800ac6135,10.1039/d1ma00354b,,MES,pH,ENVIRONMENTAL,,,2,,,0.900,AUTO_VALIDATED,pH: 2 and,f
2cf857d1-4f42-4726-aba7-dc1cb9c41581,,,MES,pH,ENVIRONMENTAL,,,2,,,0.800,AUTO_VALIDATED,PH = 2 acidic,f
1c19b7c1-b8fc-40ac-88f6-5fa1aa91ae15,,,MFC,pH,ENVIRONMENTAL,,,7,,,0.800,AUTO_VALIDATED,pH=7      p,t
e695c715-d77e-4a51-9754-dbf2bffb304f,,,MES,pH,ENVIRONMENTAL,,,2,,,0.800,AUTO_VALIDATED,PH = 2 acidic,f
6aa7005d-c0f1-4eb5-85e9-efe5b4b168d6,,,MES,pH,ENVIRONMENTAL,,,2,,,0.800,AUTO_VALIDATED,PH = 2 acidic,f
ef28c07e-6c7f-433e-a77e-6ab98a9a0d5f,,,MES,pH,ENVIRONMENTAL,,,7,,,0.800,AUTO_VALIDATED,pH = 7 under,f
97ca7b22-5953-41f7-99cb-b13d08f44b5c,,,MFC,pH,ENVIRONMENTAL,,,7,,,0.800,AUTO_VALIDATED,pH=7      p,t
54cba19a-e54f-4817-97ac-24717cb4fc92,,,MFC,pH,ENVIRONMENTAL,,,7,,,0.800,AUTO_VALIDATED,pH=7      p,t
bf3963dc-1573-4f0d-9256-aca8a8c8575b,,,MES,pH,ENVIRONMENTAL,,,2,,,0.800,AUTO_VALIDATED,PH = 2 acidic,f
8af2fbac-c1f5-4061-9252-ff57dba698df,,,MES,pH,ENVIRONMENTAL,,,7,,,0.800,AUTO_VALIDATED,pH = 7 under,f
5e254d2f-21f8-4541-abae-1803faf60b36,,,MES,pH,ENVIRONMENTAL,,,2,,,0.800,AUTO_VALIDATED,PH = 2 acidic,f
cca86dfe-bd1d-4ab0-babc-d92ee00b4431,,,MES,pH,ENVIRONMENTAL,,,7,,,0.800,AUTO_VALIDATED,pH=7 was,f
7a733a33-8cd7-4fcd-b58b-904b802bf7cc,,,MFC,pH,ENVIRONMENTAL,,,1.54,,,0.900,AUTO_VALIDATED,Table: Physicochemical parameters of whey.,f
faea99a5-3803-4d2f-a877-74b1ebaa0037,,,MFC,pH,ENVIRONMENTAL,,,6.72,,,0.900,AUTO_VALIDATED,Table: The COD value of the substrate was measured to be 30421 ±,t
5eafae20-8e52-47f9-850f-f7c1d1b592e8,,,MFC,pH,ENVIRONMENTAL,,,7.6,,,0.900,AUTO_VALIDATED,Table: Baseline characterization of the original soil sample.,f
1f48bda6-b78e-4975-8ea8-5adcb621a3a3,,,MFC,pH,ENVIRONMENTAL,,,5.9,,,0.900,AUTO_VALIDATED,Table: Table 2 Properties of wastewater,f
ac653e54-9002-446a-9fdc-097a1a9323ce,,,MFC,pH,ENVIRONMENTAL,,,1.54,,,0.900,AUTO_VALIDATED,Table: Physicochemical parameters of whey.,f
6cd669ef-e7b2-4931-b47c-cc7073e542da,,,MFC,pH,ENVIRONMENTAL,,,6.72,,,0.900,AUTO_VALIDATED,Table: The COD value of the substrate was measured to be 30421 ±,t
634ee868-195e-45c2-a9de-538fd619e2ea,,,MFC,pH,ENVIRONMENTAL,,,7.6,,,0.900,AUTO_VALIDATED,Table: Baseline characterization of the original soil sample.,f
3b0ef673-678a-4151-9225-633802ade92c,,,MFC,pH,ENVIRONMENTAL,,,7.2,,,0.900,AUTO_VALIDATED,Table: The water has circum-neutral pH and is,t
58b717fe-099d-49dd-910e-5f5098b9b9b9,,,MFC,pH,ENVIRONMENTAL,,,5.9,,,0.900,AUTO_VALIDATED,Table: Table 2 Properties of wastewater,f
a03053f1-54ac-4177-83b3-7571df98c5db,,,MFC,pH,ENVIRONMENTAL,,,1.54,,,0.900,AUTO_VALIDATED,Table: Physicochemical parameters of whey.,f
2c8a28ae-40a3-451e-bd1a-0bc3ac6dac9b,,,MFC,pH,ENVIRONMENTAL,,,6.72,,,0.900,AUTO_VALIDATED,Table: The COD value of the substrate was measured to be 30421 ±,t
7c2c23a7-694f-4c1a-9217-273b0c21aa48,,,MFC,pH,ENVIRONMENTAL,,,7.6,,,0.900,AUTO_VALIDATED,Table: Baseline characterization of the original soil sample.,f
7c4c9b63-89d7-44ff-bf4e-4234be63362f,,,MFC,pH,ENVIRONMENTAL,,,7.2,,,0.900,AUTO_VALIDATED,Table: The water has circum-neutral pH and is,t
f0a80dbd-769b-4a13-8359-70977848829d,,,MFC,pH,ENVIRONMENTAL,,,5.9,,,0.900,AUTO_VALIDATED,Table: Table 2 Properties of wastewater,f
d55b0cf4-fa4f-4c28-a3e3-05cabcb61a5d,,,MFC,pH,ENVIRONMENTAL,,,1.54,,,0.900,AUTO_VALIDATED,Table: Physicochemical parameters of whey.,f
168ce1f2-7ce1-4735-a1af-fbfc66381812,,,MFC,pH,ENVIRONMENTAL,,,6.72,,,0.900,AUTO_VALIDATED,Table: The COD value of the substrate was measured to be 30421 ±,t
88cd505e-7d09-4730-9203-a191a428f40b,,,MFC,pH,ENVIRONMENTAL,,,7.6,,,0.900,AUTO_VALIDATED,Table: Baseline characterization of the original soil sample.,f
86d782f7-af15-472b-ad55-db63b549a904,,,MFC,pH,ENVIRONMENTAL,,,7.2,,,0.900,AUTO_VALIDATED,Table: The water has circum-neutral pH and is,t
30407752-a52d-4f41-bcc6-27d74d65f9a5,,,MFC,pH,ENVIRONMENTAL,,,5.9,,,0.900,AUTO_VALIDATED,Table: Table 2 Properties of wastewater,f
6b5303f8-7005-47a1-a8ba-709fd2270ae1,10.51415/10321/1276,,MFC,pH,ENVIRONMENTAL,,,5.95,,,0.900,AUTO_VALIDATED,Table: 1: Summary of raw brewery wastewater composition from the industry prior to anaerobic,f
f4e3782c-ed88-48b2-9587-4aa14ce83fd6,,,MES,pH,ENVIRONMENTAL,,,8,,,0.900,AUTO_VALIDATED,Table: Characterization of ore washing wastewater of crushing,f
164cb389-56c6-489d-849f-ed30acc3de58,,,MES,pH,ENVIRONMENTAL,,,7.5,,,0.900,AUTO_VALIDATED,"Table: Experiment was started by adjusting pH to 7.0 -7.5 using NaOH (1 liter effluent + 7ml of 1M NaOH). 25 plants of E. crassipes, P. stratiotes",f
302de414-d724-4cc3-ba64-19ac5b9edd8c,,,MES,pH,ENVIRONMENTAL,,,8,,,0.900,AUTO_VALIDATED,Table: Characterization of ore washing wastewater of crushing,f
cce6b696-e781-4919-a162-794787e9850e,,,MES,pH,ENVIRONMENTAL,,,7.5,,,0.900,AUTO_VALIDATED,"Table: Experiment was started by adjusting pH to 7.0 -7.5 using NaOH (1 liter effluent + 7ml of 1M NaOH). 25 plants of E. crassipes, P. stratiotes",f
e2ed30de-bfab-4575-8602-6f9969ad2127,,,MES,pH,ENVIRONMENTAL,,,3.055,,,0.900,AUTO_VALIDATED,Table: Wastewater characterization.,f
71f0fc4d-f669-430d-93f0-915b55b65d2e,,,MFC,pH,ENVIRONMENTAL,,,1.54,,,0.900,AUTO_VALIDATED,Table: Physicochemical parameters of whey.,f
b07b81d9-f0cd-458d-a5a0-6e2c34723330,,,MFC,pH,ENVIRONMENTAL,,,6.72,,,0.900,AUTO_VALIDATED,Table: The COD value of the substrate was measured to be 30421 ±,t
7f1bda1d-f040-47f0-a218-136cd367bbb6,,,MFC,pH,ENVIRONMENTAL,,,1.54,,,0.900,AUTO_VALIDATED,Table: Physicochemical parameters of whey.,f
6ead3ef0-2e22-46ba-a181-013148163293,,,MFC,pH,ENVIRONMENTAL,,,7.6,,,0.900,AUTO_VALIDATED,Table: Baseline characterization of the original soil sample.,f
cefd7885-ee8d-4430-8592-9862e92bc5c0,,,MFC,pH,ENVIRONMENTAL,,,7.2,,,0.900,AUTO_VALIDATED,Table: The water has circum-neutral pH and is,t
4670ba5e-acbe-4c61-afb2-7b9367d6494a,,,MFC,pH,ENVIRONMENTAL,,,7.2,,,0.900,AUTO_VALIDATED,Table: The water has circum-neutral pH and is,t
25884006-875b-4ee5-8635-7ee6127c82ef,,,MFC,pH,ENVIRONMENTAL,,,7.2,,,0.900,AUTO_VALIDATED,Table: The water has circum-neutral pH and is,t
29ba6eea-a8f7-4999-81bd-0f560d48f5b7,,,MFC,pH,ENVIRONMENTAL,,,7.2,,,0.900,AUTO_VALIDATED,Table: The water has circum-neutral pH and is,t
ec9812ba-09cd-425a-983a-dff9238c859e,,,MFC,pH,ENVIRONMENTAL,,,7.2,,,0.900,AUTO_VALIDATED,Table: The water has circum-neutral pH and is,t
b976328b-67ba-40d8-a7c0-c59ac7568811,,,MFC,pH,ENVIRONMENTAL,,,7.2,,,0.900,AUTO_VALIDATED,Table: The water has circum-neutral pH and is,t
89c5f732-cf88-49ff-a5a7-45edd9e30d4a,,,MFC,pH,ENVIRONMENTAL,,,7.2,,,0.900,AUTO_VALIDATED,Table: The water has circum-neutral pH and is,t
6a5a18a9-4e4f-4a4b-874f-8bfbeb045c28,,,MES,pH,ENVIRONMENTAL,,,2,,,0.900,AUTO_VALIDATED,pH: 2 and,f
1b98e6ae-c32f-4b11-a554-f10fb8cd0419,,,MES,pH,ENVIRONMENTAL,,,2,,,0.900,AUTO_VALIDATED,pH: 2 and,f
549058c8-9eea-425e-a302-426b28d23006,,,MES,pH,ENVIRONMENTAL,,,2,,,0.900,AUTO_VALIDATED,pH: 2 and,f
cb365b21-4679-442f-ad01-5a549b906250,,,MFC,pH,ENVIRONMENTAL,,,9,,,0.900,AUTO_VALIDATED,pH=9                                               pH,t
77720a39-e2de-4c2e-be9c-acfc096f43d0,,,MES,pH,ENVIRONMENTAL,,,2,,,0.900,AUTO_VALIDATED,pH: 2 and,f
3a347e37-0dc1-4057-ae96-e891b1af8752,,,MES,pH,ENVIRONMENTAL,,,2,,,0.900,AUTO_VALIDATED,pH: 2 and,f
0b611c7e-2f0d-4025-8fc4-3e6fd48c9ec2,,,MES,pH,ENVIRONMENTAL,,,2,,,0.900,AUTO_VALIDATED,pH: 2 and,f
843c3fa2-bff0-4ca2-9dd7-ffa0ee8710b6,,,MFC,pH,ENVIRONMENTAL,,,9,,,0.900,AUTO_VALIDATED,pH=9                                               pH,t
4f96db63-8e73-4e5b-b3a7-9304db56e495,,,MES,pH,ENVIRONMENTAL,,,2,,,0.900,AUTO_VALIDATED,pH: 2 and,f
855c9873-8aed-45cf-a83d-8b896cecd70e,10.1039/d1ma00354b,,MES,pH,ENVIRONMENTAL,,,2,,,0.900,AUTO_VALIDATED,pH: 2 and,f
7865f48b-443e-4339-84dd-2e416a2fc627,,,MES,pH,ENVIRONMENTAL,,,2,,,0.900,AUTO_VALIDATED,pH: 2 and,f
278c1cab-2155-46b5-b3e2-66a12b7877b2,,,MES,pH,ENVIRONMENTAL,,,2,,,0.900,AUTO_VALIDATED,pH: 2 and,f
21ede22f-f38a-4654-962e-05de15798f2b,,,MEC,pH,ENVIRONMENTAL,,,6,,,0.900,AUTO_VALIDATED,pH = 6 is,t
9d8cd273-41d7-49eb-90ad-574cdaa2e724,,,MES,pH,ENVIRONMENTAL,,,7,,,0.800,AUTO_VALIDATED,pH = 7 under,f
e4197911-81f2-459b-9f5b-7ebec923b0ed,,,MES,pH,ENVIRONMENTAL,,,7,,,0.800,AUTO_VALIDATED,pH = 7 under,f
96ac6661-72d7-4677-b513-c5c186040121,,,MES,pH,ENVIRONMENTAL,,,2,,,0.800,AUTO_VALIDATED,PH = 2 acidic,f
d3d6d5bc-8ac3-46af-81b2-0e66430513ce,,,MFC,pH,ENVIRONMENTAL,,,7,,,0.800,AUTO_VALIDATED,pH=7      p,t
eba8cb94-2a43-4cd7-a420-a2c749678041,,,MES,pH,ENVIRONMENTAL,,,7,,,0.800,AUTO_VALIDATED,pH = 7 under,f
ac5a3031-9a6a-49cf-8a92-5a60dea906f5,,,MES,pH,ENVIRONMENTAL,,,2,,,0.800,AUTO_VALIDATED,PH = 2 acidic,f
01a89bdf-5fd6-4769-84da-af5569202c16,,,MFC,pH,ENVIRONMENTAL,,,7,,,0.800,AUTO_VALIDATED,pH=7      p,t
a277e3a1-2f90-472b-a8fe-bddb613b6946,,,MES,pH,ENVIRONMENTAL,,,7,,,0.800,AUTO_VALIDATED,pH = 7 under,f
d61f6c9a-8345-4a0f-bcb5-fd9161872cf0,,,MES,pH,ENVIRONMENTAL,,,7,,,0.800,AUTO_VALIDATED,pH = 7 under,f
1a21d7a9-c36a-44ec-aefa-fa044cde4b5a,,,MES,pH,ENVIRONMENTAL,,,2,,,0.800,AUTO_VALIDATED,PH = 2 acidic,f
124df3f3-6f79-4180-8669-39982e73f3e1,,,MES,pH,ENVIRONMENTAL,,,2,,,0.800,AUTO_VALIDATED,PH = 2 acidic,f
9e1e60ba-bb0d-4883-a4b3-8d39c861a601,,,MFC,pH,ENVIRONMENTAL,,,7,,,0.800,AUTO_VALIDATED,pH=7      p,t
ae8a8ff6-05fa-4c1a-a4c8-49d8e1e658b4,,,MES,pH,ENVIRONMENTAL,,,7,,,0.800,AUTO_VALIDATED,pH = 7 under,f
3cc12145-4b3d-4f6b-8951-f556b3b41c4d,,,MES,pH,ENVIRONMENTAL,,,7,,,0.800,AUTO_VALIDATED,pH = 7 under,f
53bd57f4-ab09-4f2d-b2f3-e75a7e15a00f,,,MFC,pH,ENVIRONMENTAL,,,5.9,,,0.900,AUTO_VALIDATED,Table: Table 2 Properties of wastewater,f
fadf678a-3769-4dc7-a757-d3537f7b5564,,,MFC,pH,ENVIRONMENTAL,,,6.72,,,0.900,AUTO_VALIDATED,Table: The COD value of the substrate was measured to be 30421 ±,t
137f513e-6c72-4c49-aaef-eb2dbc196f5a,,,MFC,pH,ENVIRONMENTAL,,,6.72,,,0.900,AUTO_VALIDATED,Table: The COD value of the substrate was measured to be 30421 ±,t
5efc6eeb-a71f-49f4-86e4-deab75bdabeb,,,MFC,pH,ENVIRONMENTAL,,,1.54,,,0.900,AUTO_VALIDATED,Table: Physicochemical parameters of whey.,f
f3ef9a0a-899a-4f96-886c-228489811c9a,,,MFC,pH,ENVIRONMENTAL,,,7.6,,,0.900,AUTO_VALIDATED,Table: Baseline characterization of the original soil sample.,f
fe3466d5-220d-41c3-80c7-1a938378731c,,,MFC,pH,ENVIRONMENTAL,,,1.54,,,0.900,AUTO_VALIDATED,Table: Physicochemical parameters of whey.,f
f7598bbe-029b-429a-a48b-73594b422a5e,,,MFC,pH,ENVIRONMENTAL,,,7.6,,,0.900,AUTO_VALIDATED,Table: Baseline characterization of the original soil sample.,f
b4bd19bf-23eb-46d6-8076-186642de66cc,,,MFC,pH,ENVIRONMENTAL,,,1.54,,,0.900,AUTO_VALIDATED,Table: Physicochemical parameters of whey.,f
8a2f2186-3a98-417e-8b24-c1be10d54a9e,,,MFC,pH,ENVIRONMENTAL,,,7.2,,,0.900,AUTO_VALIDATED,Table: The water has circum-neutral pH and is,t
c1d2ae2c-e996-43bf-9d61-4097fa79c255,,,MFC,pH,ENVIRONMENTAL,,,1.54,,,0.900,AUTO_VALIDATED,Table: Physicochemical parameters of whey.,f
a9932858-b487-4cfa-aa37-965e8aaf2486,,,MFC,pH,ENVIRONMENTAL,,,1.54,,,0.900,AUTO_VALIDATED,Table: Physicochemical parameters of whey.,f
cd7e0ccf-2796-4565-bef1-bba3517fcdcb,,,MFC,pH,ENVIRONMENTAL,,,7.2,,,0.900,AUTO_VALIDATED,Table: The water has circum-neutral pH and is,t
a21de419-3c14-441a-bca2-de4de5fec432,,,MFC,pH,ENVIRONMENTAL,,,6.72,,,0.900,AUTO_VALIDATED,Table: The COD value of the substrate was measured to be 30421 ±,t
83294613-3c97-4586-af80-9738dc16eaf4,,,MFC,pH,ENVIRONMENTAL,,,7.6,,,0.900,AUTO_VALIDATED,Table: Baseline characterization of the original soil sample.,f
053cf30b-277e-42a5-be7f-5924dd1ce56e,,,MES,pH,ENVIRONMENTAL,,,7.5,,,0.900,AUTO_VALIDATED,"Table: Experiment was started by adjusting pH to 7.0 -7.5 using NaOH (1 liter effluent + 7ml of 1M NaOH). 25 plants of E. crassipes, P. stratiotes",f
06ee481d-e0e5-4fe6-a760-7f43b206eaf2,,,MFC,pH,ENVIRONMENTAL,,,6.72,,,0.900,AUTO_VALIDATED,Table: The COD value of the substrate was measured to be 30421 ±,t
31720b4b-8e9c-4bea-97ba-b1ab3164d5b9,,,MFC,pH,ENVIRONMENTAL,,,7.6,,,0.900,AUTO_VALIDATED,Table: Baseline characterization of the original soil sample.,f
eb4ed067-da5f-406a-bb55-4df48fa783e4,,,MES,pH,ENVIRONMENTAL,,,8,,,0.900,AUTO_VALIDATED,Table: Characterization of ore washing wastewater of crushing,f
a4c2fe7d-eb99-4ff2-9d86-a80952478427,,,MFC,pH,ENVIRONMENTAL,,,5.9,,,0.900,AUTO_VALIDATED,Table: Table 2 Properties of wastewater,f
28fac4f3-4542-4bc2-bbb7-d4e346576f41,,,MES,pH,ENVIRONMENTAL,,,7.5,,,0.900,AUTO_VALIDATED,"Table: Experiment was started by adjusting pH to 7.0 -7.5 using NaOH (1 liter effluent + 7ml of 1M NaOH). 25 plants of E. crassipes, P. stratiotes",f
4b9e5a64-b0ba-45a1-83e1-d7d435ff9f09,,,MES,pH,ENVIRONMENTAL,,,8,,,0.900,AUTO_VALIDATED,Table: Characterization of ore washing wastewater of crushing,f
755cf1ab-edd8-4808-b607-18456d696b4e,,,MFC,pH,ENVIRONMENTAL,,,7.2,,,0.900,AUTO_VALIDATED,Table: The water has circum-neutral pH and is,t
38e3b6fc-edca-4a30-9a19-1c2d7855c90a,,,MFC,pH,ENVIRONMENTAL,,,5.9,,,0.900,AUTO_VALIDATED,Table: Table 2 Properties of wastewater,f
6edf7b10-a8d2-413e-9a10-b570a9ee9586,,,MFC,pH,ENVIRONMENTAL,,,7.2,,,0.900,AUTO_VALIDATED,Table: The water has circum-neutral pH and is,t
d348e40c-c4ca-464d-a074-eff938a82053,,,MFC,pH,ENVIRONMENTAL,,,7.6,,,0.900,AUTO_VALIDATED,Table: Baseline characterization of the original soil sample.,f
62dbc948-8cc3-439c-aee6-2182567a1c12,,,MFC,pH,ENVIRONMENTAL,,,7.2,,,0.900,AUTO_VALIDATED,Table: The water has circum-neutral pH and is,t
6617bbc2-286f-409f-929c-a5970b668230,,,MES,pH,ENVIRONMENTAL,,,7.5,,,0.900,AUTO_VALIDATED,"Table: Experiment was started by adjusting pH to 7.0 -7.5 using NaOH (1 liter effluent + 7ml of 1M NaOH). 25 plants of E. crassipes, P. stratiotes",f
7f094803-9bd1-4682-abab-31899cac0223,,,MFC,pH,ENVIRONMENTAL,,,3.5,,,0.900,AUTO_VALIDATED,Table: Physicochemical analysis of waste water,t
b002cac7-eb24-4ca2-a95e-5e358702a5f8,,,MFC,pH,ENVIRONMENTAL,,,6.72,,,0.900,AUTO_VALIDATED,Table: The COD value of the substrate was measured to be 30421 ±,t
4d310e9b-dbfa-4336-b0d9-07cd0b04a6a6,,,MES,pH,ENVIRONMENTAL,,,3.055,,,0.900,AUTO_VALIDATED,Table: Wastewater characterization.,f
d8f46d56-43e3-44f6-98b8-c48262eb9475,10.51415/10321/1276,,MFC,pH,ENVIRONMENTAL,,,5.95,,,0.900,AUTO_VALIDATED,Table: 1: Summary of raw brewery wastewater composition from the industry prior to anaerobic,f
1b66997b-1698-4143-9915-aa02d09f0a70,,,MFC,pH,ENVIRONMENTAL,,,7.2,,,0.900,AUTO_VALIDATED,Table: The water has circum-neutral pH and is,t
0d41cf81-6d1b-4f63-a638-5fc6040c97ae,,,MFC,pH,ENVIRONMENTAL,,,1.54,,,0.900,AUTO_VALIDATED,Table: Physicochemical parameters of whey.,f
71e86fc7-2969-4428-bfcb-e31a8eae691b,,,MFC,pH,ENVIRONMENTAL,,,5.9,,,0.900,AUTO_VALIDATED,Table: Table 2 Properties of wastewater,f
3d85588f-fa81-48e8-a1fd-b14d3fc2121a,,,MFC,pH,ENVIRONMENTAL,,,1.54,,,0.900,AUTO_VALIDATED,Table: Physicochemical parameters of whey.,f
5ad8cb98-e5fd-4888-9d41-0d8f345a2dea,,,MES,pH,ENVIRONMENTAL,,,3.055,,,0.900,AUTO_VALIDATED,Table: Wastewater characterization.,f
397f7430-6af4-42e2-9f50-9e50b9d40a92,,,MFC,pH,ENVIRONMENTAL,,,7.6,,,0.900,AUTO_VALIDATED,Table: Baseline characterization of the original soil sample.,f
3ded6fcf-3f4c-4a04-b416-96bf492547af,,,MFC,pH,ENVIRONMENTAL,,,6.72,,,0.900,AUTO_VALIDATED,Table: The COD value of the substrate was measured to be 30421 ±,t
77a6a7a5-feec-4766-ac4b-18b63bb2c766,,,MFC,substrate,BIOLOGICAL,,,435,,,1.000,AUTO_VALIDATED,substrate was 435 mg,f
608e405c-a6fd-482b-b95e-084c33e407db,,,MFC,substrate,BIOLOGICAL,,,435,,,1.000,AUTO_VALIDATED,substrate was 435 mg,f
053b890a-a6c6-4d71-8069-989d5bf154bb,,,MFC,substrate,BIOLOGICAL,,,435,,,1.000,AUTO_VALIDATED,substrate was 435 mg,f
a5d64ea0-c160-474c-99cb-1a76ab7d9988,,,MFC,substrate,BIOLOGICAL,,,435,,,1.000,AUTO_VALIDATED,substrate was 435 mg,f
b5d75678-caec-4f8e-9723-10a080ae20ea,,,MFC,substrate,BIOLOGICAL,,,435,,,1.000,AUTO_VALIDATED,substrate was 435 mg,f
e3656f38-8a73-4796-a17a-5a20e41f5454,,,MFC,substrate,BIOLOGICAL,,,435,,,1.000,AUTO_VALIDATED,substrate was 435 mg,f
5e19c23e-0e07-41a7-a242-1aa92af4a2b1,,,MFC,substrate,BIOLOGICAL,,,435,,,1.000,AUTO_VALIDATED,substrate was 435 mg,f
7f7d884f-1739-4044-ab9b-a8e19c6dae23,,,MFC,substrate,BIOLOGICAL,,,435,,,1.000,AUTO_VALIDATED,substrate was 435 mg,f
bb3689b6-87e8-4bff-8836-f01e17c34a01,,,MFC,substrate,BIOLOGICAL,,,435,,,1.000,AUTO_VALIDATED,substrate was 435 mg,f
160302c7-d59c-4539-bebb-05f354a2b9d4,,,MFC,substrate,BIOLOGICAL,,,435,,,1.000,AUTO_VALIDATED,substrate was 435 mg,f
ead54623-042a-4387-847b-91d22d3870d0,,,MFC,substrate,BIOLOGICAL,,,435,,,1.000,AUTO_VALIDATED,substrate was 435 mg,f
bd2a6805-df41-440e-93e7-2f351c6c9eb8,,,MFC,substrate,BIOLOGICAL,,,435,,,1.000,AUTO_VALIDATED,substrate was 435 mg,f
ebebddad-332a-414e-945e-9432247a183b,,,MFC,substrate,BIOLOGICAL,,,435,,,1.000,AUTO_VALIDATED,substrate was 435 mg,f
669c6587-3955-4653-83cc-0396c5404915,,,MFC,substrate,BIOLOGICAL,,,435,,,1.000,AUTO_VALIDATED,substrate was 435 mg,f
077fca56-d02e-4a8d-b33f-2df23d0874d6,,,MFC,substrate,BIOLOGICAL,,,435,,,1.000,AUTO_VALIDATED,substrate was 435 mg,f
5f87d974-ad65-4846-8064-04dcef88e873,,,MFC,substrate,BIOLOGICAL,,,435,,,1.000,AUTO_VALIDATED,substrate was 435 mg,f
de335502-e167-4d56-a3ea-7283bbb5e66e,,,MFC,Substrate Concentration,BIOLOGICAL,,mg/L,400,,,1.000,AUTO_VALIDATED,Substrate concentration: 400mg/l,t
d5abfcb2-0c1d-413c-87a4-bf09d1de83ab,,,MFC,Substrate Concentration,BIOLOGICAL,,mg/L,400,,,1.000,AUTO_VALIDATED,Substrate concentration: 400mg/l,t
aa3581b5-1618-46bd-9364-d62d40b499bb,,,MES,voltage,ELECTROCHEMICAL,,V,650,,,1.000,AUTO_VALIDATED,voltage = 650 volt,f
f80fb7a3-bb3a-4c83-845e-bc4570077f2b,,,MES,voltage,ELECTROCHEMICAL,,V,2,,,1.000,AUTO_VALIDATED,voltage = 2 V,f
621571d4-3aed-4961-ba39-58d9082ee9bd,,,MES,voltage,ELECTROCHEMICAL,,V,2,,,1.000,AUTO_VALIDATED,voltage = 2 V,f
683094e2-2b06-4e4b-9f21-55a563c0ca13,,,MES,voltage,ELECTROCHEMICAL,,V,650,,,1.000,AUTO_VALIDATED,voltage = 650 volt,f
b0bb80cb-264d-4d15-82a4-869a98e7e7ef,,,MES,voltage,ELECTROCHEMICAL,,V,2,,,1.000,AUTO_VALIDATED,voltage = 2 V,f
0bd146ef-44ae-48e3-9c1a-cfe4915f4cbe,,,MES,voltage,ELECTROCHEMICAL,,V,48,,,0.900,AUTO_VALIDATED,Table: Figure 1 Drive cycle of vehicle.,f
9c032564-233d-4868-930b-4f236060f687,,,MES,voltage,ELECTROCHEMICAL,,V,2,,,1.000,AUTO_VALIDATED,voltage = 2 V,f
b25adff4-babb-4740-a964-74e2175b5cc0,,,MES,voltage,ELECTROCHEMICAL,,V,48,,,0.900,AUTO_VALIDATED,Table: Figure 1 Drive cycle of vehicle.,f
58e1965d-528a-4427-9162-64594d295e3f,,,MES,voltage,ELECTROCHEMICAL,,V,2,,,1.000,AUTO_VALIDATED,voltage = 2 V,f
4110f457-2020-40d2-b41c-422ad3739431,,,MES,voltage,ELECTROCHEMICAL,,V,650,,,1.000,AUTO_VALIDATED,voltage = 650 volt,f
19d8c67d-d024-4431-ac65-70ba40e2d109,,,MES,voltage,ELECTROCHEMICAL,,V,650,,,1.000,AUTO_VALIDATED,voltage = 650 volt,f
984a1109-6885-437f-9ae8-462020cd5e69,,,MES,voltage,ELECTROCHEMICAL,,V,2,,,1.000,AUTO_VALIDATED,voltage = 2 V,f
a5e3bf9a-339d-4d30-84a0-cc0c6c2fb940,,,MES,voltage,ELECTROCHEMICAL,,V,650,,,1.000,AUTO_VALIDATED,voltage = 650 volt,f
c98b99f4-8c83-4ac4-b16f-08929ea939b1,,,MES,voltage,ELECTROCHEMICAL,,V,2,,,1.000,AUTO_VALIDATED,voltage = 2 V,f
334efcd1-2d34-456d-870e-c147d70798e0,,,MES,voltage,ELECTROCHEMICAL,,V,48,,,0.900,AUTO_VALIDATED,Table: Figure 1 Drive cycle of vehicle.,f
96f31522-d5e4-46d0-ade1-b61ac360d071,,,MES,voltage,ELECTROCHEMICAL,,V,48,,,0.900,AUTO_VALIDATED,Table: Figure 1 Drive cycle of vehicle.,f
1e1dbf65-ed94-4c0d-9484-2636a4b791a7,,,MES,voltage,ELECTROCHEMICAL,,V,48,,,0.900,AUTO_VALIDATED,Table: Figure 1 Drive cycle of vehicle.,f
f8da4e6b-f7aa-4247-967f-01572e81019f,,,MES,voltage,ELECTROCHEMICAL,,V,48,,,0.900,AUTO_VALIDATED,Table: Figure 1 Drive cycle of vehicle.,f
6ae25a55-f89a-4b5a-b019-b2ae9063aed5,,,MES,voltage,ELECTROCHEMICAL,,V,48,,,0.900,AUTO_VALIDATED,Table: Figure 1 Drive cycle of vehicle.,f
ff404f71-b981-4ca4-874b-910ab04acdfa,,,MFC,Catalyst Loading,MATERIALS,,mg/cm²,51,,,0.800,AUTO_VALIDATED,nominal catalyst loading of 51 ,t
ce1fe191-af11-4f58-94b7-1a642ae8e09a,,,MFC,Catalyst Loading,MATERIALS,,mg/cm²,51,,,0.800,AUTO_VALIDATED,nominal catalyst loading of 51 ,t
1caa2004-3c9a-486e-9b3d-fa73a301321c,,,MES,Current Density,MATERIALS,,mA/cm²,5,,,1.000,AUTO_VALIDATED,current density: 5mA/cm,f
3779a984-635d-40c7-a5cc-a2d75e2d1390,,,MES,Current Density,MATERIALS,,mA/cm²,5,,,1.000,AUTO_VALIDATED,current density: 5mA/cm,f
9d1839dc-2335-4faf-9156-f9b551d4eff8,,,MES,Current Density,MATERIALS,,mA/cm²,12,,,1.000,AUTO_VALIDATED,current density: 12 mA,f
f89ac4b5-a229-477c-8a3a-06e1ffc29391,,,MES,Current Density,MATERIALS,,mA/cm²,12,,,1.000,AUTO_VALIDATED,current density: 12 mA,f
560b9119-1426-4f93-afe6-c1cc44aaa23b,,,MFC,Current Density,MATERIALS,,mA/cm²,28,,,1.000,AUTO_VALIDATED,current density was 28 mA,f
7a08e574-8f65-4ef5-83a2-f41da75cad1c,,,MFC,Current Density,MATERIALS,,mA/cm²,28,,,1.000,AUTO_VALIDATED,current density was 28 mA,f
40ad3a58-c4d5-4ebd-a584-bd4c2ecff5c4,10.1264/jsme2.me13140,,MFC,Current Density,MATERIALS,,mA/cm²,28,,,1.000,AUTO_VALIDATED,current density was 28 mA,f
9001e88c-d166-47db-a1b5-c94ad6addaea,,,MES,Current Density,MATERIALS,,mA/cm²,12,,,1.000,AUTO_VALIDATED,current density: 12 mA,f
72147225-73d7-48b9-97ff-056ef394d06a,,,MFC,Current Density,MATERIALS,,mA/cm²,28,,,1.000,AUTO_VALIDATED,current density was 28 mA,f
d3f73bb1-ee68-4522-909c-2f7ffc07d32a,,,MES,Current Density,MATERIALS,,mA/cm²,12,,,1.000,AUTO_VALIDATED,current density: 12 mA,f
b3bd1778-11e3-40ad-82aa-5a13eacaeaee,10.1264/jsme2.me13140,,MFC,Current Density,MATERIALS,,mA/cm²,28,,,1.000,AUTO_VALIDATED,current density was 28 mA,f
ad668c83-bd09-46c8-89ad-a4cf92896f40,,,MES,Current Density,MATERIALS,,mA/cm²,12,,,1.000,AUTO_VALIDATED,current density: 12 mA,f
8404708e-f799-46aa-a108-e9f88583651b,,,MFC,Current Density,MATERIALS,,mA/cm²,28,,,1.000,AUTO_VALIDATED,current density was 28 mA,f
80876f73-15c2-4fb0-9fc6-bba4409dc001,,,MES,Current Density,MATERIALS,,mA/cm²,12,,,1.000,AUTO_VALIDATED,current density: 12 mA,f
198842ac-7c99-46d2-8b41-12afcfa3cc34,,,MES,Current Density,MATERIALS,,mA/cm²,12,,,1.000,AUTO_VALIDATED,current density: 12 mA,f
32773351-df44-4675-acb4-4b28886c9396,,,MES,Current Density,MATERIALS,,mA/cm²,12,,,1.000,AUTO_VALIDATED,current density: 12 mA,f
33f3e96c-150e-4594-9c9e-af9f00608dd0,,,MES,Current Density,MATERIALS,,mA/cm²,5,,,1.000,AUTO_VALIDATED,current density: 5mA/cm,f
5a089e3c-3137-48db-9b8a-f00f39c9a0a9,,,MES,Current Density,MATERIALS,,mA/cm²,5,,,1.000,AUTO_VALIDATED,current density: 5mA/cm,f
2627850f-0a42-4f8f-9a62-6610a7883221,,,MES,Current Density,MATERIALS,,mA/cm²,12,,,1.000,AUTO_VALIDATED,current density: 12 mA,f
06f22ba7-ecc4-4fcf-9675-f4a6391199ac,,,MES,Current Density,MATERIALS,,mA/cm²,5,,,1.000,AUTO_VALIDATED,current density: 5mA/cm,f
f5022522-e176-4ae2-939d-a419c0a0bee3,,,MFC,Electrode Thickness,MATERIALS,,mm,5,,,0.900,AUTO_VALIDATED,Table: Fig. 2. Structure after meshing,f
5b063ff8-acc6-4ceb-ac80-6b117d9b75ce,,,MFC,Electrode Thickness,MATERIALS,,mm,5,,,0.900,AUTO_VALIDATED,Table: Fig. 2. Structure after meshing,f
d42e23a0-ffe4-47e2-abcf-271fbdcdfed1,,,MFC,Electrode Thickness,MATERIALS,,mm,5,,,0.900,AUTO_VALIDATED,Table: Fig. 2. Structure after meshing,f
5a8e215a-77de-4b9b-b0fb-89e22a18f50f,,,MFC,Electrode Thickness,MATERIALS,,mm,5,,,0.900,AUTO_VALIDATED,Table: Fig. 2. Structure after meshing,f
639d69d7-23b2-4a48-81fe-7901344015af,,,MFC,Electrode Thickness,MATERIALS,,mm,5,,,0.900,AUTO_VALIDATED,Table: Fig. 2. Structure after meshing,f
80a334aa-cdf2-41c9-bf6b-27cb87e053bf,,,MFC,Electrode Thickness,MATERIALS,,mm,5,,,0.900,AUTO_VALIDATED,Table: Fig. 2. Structure after meshing,f
bced9dce-5e85-4afd-abee-23bbff081930,,,MFC,Electrode Thickness,MATERIALS,,mm,5,,,0.900,AUTO_VALIDATED,Table: Fig. 2. Structure after meshing,f
70e8f533-57d5-4c9f-b443-63eccdb2b963,,,MFC,Electrolyte Conductivity,MATERIALS,,mS/cm,9.825,,,0.900,AUTO_VALIDATED,Table: Fig. 2. Structure after meshing,f
b089d791-e8d3-4500-a167-c6341a9a3a55,,,MFC,Electrolyte Conductivity,MATERIALS,,mS/cm,9.825,,,0.900,AUTO_VALIDATED,Table: Fig. 2. Structure after meshing,f
43f754f1-72ee-45b1-87b2-fc9dcd4dad5e,,,MFC,Electrolyte Conductivity,MATERIALS,,mS/cm,9.825,,,0.900,AUTO_VALIDATED,Table: Fig. 2. Structure after meshing,f
4639a790-fd13-4c58-888a-c4a1a6fd7c88,,,MFC,Electrolyte Conductivity,MATERIALS,,mS/cm,9.825,,,0.900,AUTO_VALIDATED,Table: Fig. 2. Structure after meshing,f
d9e2d564-6455-4e0d-a455-9184aa356362,,,MFC,Electrolyte Conductivity,MATERIALS,,mS/cm,9.825,,,0.900,AUTO_VALIDATED,Table: Fig. 2. Structure after meshing,f
54a18c6d-038c-4a7d-b9d9-b343dee1cc8f,,,MFC,Electrolyte Conductivity,MATERIALS,,mS/cm,9.825,,,0.900,AUTO_VALIDATED,Table: Fig. 2. Structure after meshing,f
50993c32-946d-4068-ac7d-f406e4cc8515,,,MFC,Electrolyte Conductivity,MATERIALS,,mS/cm,9.825,,,0.900,AUTO_VALIDATED,Table: Fig. 2. Structure after meshing,f
d373740b-f695-4aae-abf0-6d58534ba7f1,,,MFC,Maximum Power Density,MATERIALS,,mW/cm²,1.21,,,0.900,AUTO_VALIDATED,Table: Parameters of simulation studies,t
85455c57-15fc-4ec7-9c06-680b716bbb60,,,MFC,Maximum Power Density,MATERIALS,,mW/cm²,1.21,,,0.900,AUTO_VALIDATED,Table: Parameters of simulation studies,t
23356487-fbc1-488d-89d1-35a00ae71269,,,MFC,Maximum Power Density,MATERIALS,,mW/cm²,26,,,1.000,AUTO_VALIDATED,maximum power density: 26 mW,f
02a9c5dd-b8d0-49fd-a21b-89f09361abcc,,,MFC,Maximum Power Density,MATERIALS,,mW/cm²,331,,,1.000,AUTO_VALIDATED,maximum power density is 331 mW,f
49a1a50a-b062-47f8-8378-8ad72bd9b737,,,MFC,Maximum Power Density,MATERIALS,,mW/cm²,1.21,,,0.900,AUTO_VALIDATED,Table: Parameters of simulation studies,t
85925aa5-6b2c-4a69-99db-cc8decc94020,,,MFC,Maximum Power Density,MATERIALS,,mW/cm²,331,,,1.000,AUTO_VALIDATED,maximum power density is 331 mW,f
4fc2f8c2-455c-462c-add7-c630aca32c0d,,,MFC,Maximum Power Density,MATERIALS,,mW/cm²,1.21,,,0.900,AUTO_VALIDATED,Table: Parameters of simulation studies,t
80f4a503-1a0b-4b2c-a7e9-5bd17c52004e,,,MFC,Maximum Power Density,MATERIALS,,mW/cm²,331,,,1.000,AUTO_VALIDATED,maximum power density is 331 mW,f
7604bb80-1c7c-4a5f-a3b2-7f1e0aadc8be,,,MFC,Maximum Power Density,MATERIALS,,mW/cm²,26,,,1.000,AUTO_VALIDATED,maximum power density: 26 mW,f
59f45efd-a9a5-4fcb-9929-77cfb0443c66,,,MFC,Maximum Power Density,MATERIALS,,mW/cm²,331,,,1.000,AUTO_VALIDATED,maximum power density is 331 mW,t
f250add3-1d5e-4f46-974b-64d11b0dbbb9,,,MFC,Maximum Power Density,MATERIALS,,mW/cm²,331,,,1.000,AUTO_VALIDATED,maximum power density is 331 mW,t
ec2f42f7-fd02-4a10-87a8-37512f39249c,,,MFC,Maximum Power Density,MATERIALS,,mW/cm²,1.21,,,0.900,AUTO_VALIDATED,Table: Parameters of simulation studies,t
3d9ff906-0404-4356-8b40-62ac40639753,,,MFC,Maximum Power Density,MATERIALS,,mW/cm²,26,,,1.000,AUTO_VALIDATED,maximum power density: 26 mW,f
885f2893-44bc-42d5-b61a-d32f5f23c12b,,,MFC,Maximum Power Density,MATERIALS,,mW/cm²,331,,,1.000,AUTO_VALIDATED,maximum power density is 331 mW,f
2cab8994-90a7-4ae3-b3fd-ab7de0b1457e,,,MFC,Maximum Power Density,MATERIALS,,mW/cm²,1.21,,,0.900,AUTO_VALIDATED,Table: Parameters of simulation studies,t
9be5d8b3-4a61-4e5c-add9-1ea604c7fb4c,,,MFC,Maximum Power Density,MATERIALS,,mW/cm²,1.21,,,0.900,AUTO_VALIDATED,Table: Parameters of simulation studies,t
0a31e6c9-45a5-40cf-bc96-6f2eb5eea97e,,,MFC,Maximum Power Density,MATERIALS,,mW/cm²,1.21,,,0.900,AUTO_VALIDATED,Table: Parameters of simulation studies,t
301ac32d-fa66-4c03-a2e1-ed8ec0075203,,,MFC,Maximum Power Density,MATERIALS,,mW/cm²,1.21,,,0.900,AUTO_VALIDATED,Table: Parameters of simulation studies,t
b6155aeb-24f8-4eed-ac62-6456e36f0497,,,MFC,Maximum Power Density,MATERIALS,,mW/cm²,1.21,,,0.900,AUTO_VALIDATED,Table: Parameters of simulation studies,t
c0b0a60d-e492-48eb-82bf-6b54828058e4,,,MFC,Maximum Power Density,MATERIALS,,mW/cm²,1.21,,,0.900,AUTO_VALIDATED,Table: Parameters of simulation studies,t
2b9f8b19-cc2c-49b5-a6ea-b3b9dfb8e991,,,MFC,Membrane Thickness,MATERIALS,,μm,0,,,0.900,AUTO_VALIDATED,"Table: In this study, a three-dimensional design of a flat and single-",f
10baa0b5-d234-40db-aab4-bfe8536af57a,,,MFC,Membrane Thickness,MATERIALS,,μm,0,,,0.900,AUTO_VALIDATED,"Table: In this study, a three-dimensional design of a flat and single-",f
b8601efa-4fa8-44fd-90b2-98abb332c5ee,,,MFC,Membrane Thickness,MATERIALS,,μm,0,,,0.900,AUTO_VALIDATED,"Table: In this study, a three-dimensional design of a flat and single-",f
106252fa-b81f-44a1-9b07-8ab0b733677a,,,MFC,Membrane Thickness,MATERIALS,,μm,0,,,0.900,AUTO_VALIDATED,"Table: In this study, a three-dimensional design of a flat and single-",f
b477350b-2109-40b2-9cfb-427a1cdab4dd,,,MFC,Membrane Thickness,MATERIALS,,μm,0,,,0.900,AUTO_VALIDATED,"Table: In this study, a three-dimensional design of a flat and single-",f
45716086-a2c7-4a22-824c-9837ebdf825c,,,MFC,Membrane Thickness,MATERIALS,,μm,0,,,0.900,AUTO_VALIDATED,"Table: In this study, a three-dimensional design of a flat and single-",f
ffe023f5-be9f-480d-9262-e715d081c8f4,,,MFC,Membrane Thickness,MATERIALS,,μm,0,,,0.900,AUTO_VALIDATED,"Table: In this study, a three-dimensional design of a flat and single-",f
231434a3-b668-45fc-8421-9921420e55d9,,,MFC,Membrane Thickness,MATERIALS,,μm,0,,,0.900,AUTO_VALIDATED,"Table: In this study, a three-dimensional design of a flat and single-",f
09dae4a4-1e0d-4eaa-9b69-d8b80a3a4c3a,,,MFC,Redox Potential,MATERIALS,,V vs SHE,2,,,0.800,AUTO_VALIDATED,standard redox potential of 2,t
b8405dde-a54b-44db-8f5c-beef7149e3b3,,,MFC,Redox Potential,MATERIALS,,V vs SHE,2,,,0.800,AUTO_VALIDATED,standard redox potential of 2,t
6cc41270-0be4-441d-950a-189a9ec43ce7,,,MFC,Redox Potential,MATERIALS,,V vs SHE,2,,,0.800,AUTO_VALIDATED,standard redox potential of 2,t
f1d3a0bb-6e1a-4157-9053-3236031e6f9d,,,MFC,Redox Potential,MATERIALS,,V vs SHE,2,,,0.800,AUTO_VALIDATED,standard redox potential of 2,t
2b4fbef0-876f-49b9-bef7-b562c035bf49,,,MFC,Redox Potential,MATERIALS,,V vs SHE,2,,,0.800,AUTO_VALIDATED,standard redox potential of 2,t
5771d161-ef64-42c2-acc5-dc1501939b90,,,MFC,Redox Potential,MATERIALS,,V vs SHE,2,,,0.800,AUTO_VALIDATED,standard redox potential of 2,t
b752d40a-c0d6-4b3d-b5fe-12b1d3638a42,,,MFC,Redox Potential,MATERIALS,,V vs SHE,2,,,0.800,AUTO_VALIDATED,standard redox potential of 2,t
55f237ee-134f-445b-a22d-c0ea58951dbe,,,MES,Salt Concentration,MATERIALS,,g/L,1000,,,1.000,AUTO_VALIDATED,salt concentration: 1000 ppm,f
e9c8bc9e-9e3f-4a2e-a42b-ee7e4d2e4b50,,,MES,Salt Concentration,MATERIALS,,g/L,1000,,,1.000,AUTO_VALIDATED,salt concentration: 1000 ppm,f
c9856945-b4db-427a-94c9-a35eb7c05382,,,MES,Salt Concentration,MATERIALS,,g/L,1000,,,1.000,AUTO_VALIDATED,salt concentration: 1000 ppm,f
3073d581-0c53-4d17-8d8e-19f7a3a9994d,,,MES,Salt Concentration,MATERIALS,,g/L,1000,,,1.000,AUTO_VALIDATED,salt concentration: 1000 ppm,f
50e0b28e-2ec4-49e6-90cf-07867ee82875,,,MES,Salt Concentration,MATERIALS,,g/L,1000,,,1.000,AUTO_VALIDATED,salt concentration: 1000 ppm,f
df9bacb5-d6f2-4b6a-bd13-5c5e41c1178e,,,MES,Salt Concentration,MATERIALS,,g/L,1000,,,1.000,AUTO_VALIDATED,salt concentration: 1000 ppm,f
d826c0bc-2d63-4502-a78d-f3e1670471ce,,,MES,Salt Concentration,MATERIALS,,g/L,1000,,,1.000,AUTO_VALIDATED,salt concentration: 1000 ppm,f
75e9100c-3110-404f-9552-654e34e3b4f4,,,MES,Salt Concentration,MATERIALS,,g/L,1000,,,1.000,AUTO_VALIDATED,salt concentration: 1000 ppm,f
6d5271f3-6be9-42e0-a107-f0bc0d74f316,,,MES,Salt Concentration,MATERIALS,,g/L,1000,,,1.000,AUTO_VALIDATED,salt concentration: 1000 ppm,f
8c139249-b395-4f62-89fe-11e9486627be,,,MES,Salt Concentration,MATERIALS,,g/L,1000,,,1.000,AUTO_VALIDATED,salt concentration: 1000 ppm,f
9a1e5291-d91a-4487-9c9e-87b3f1bcdf6e,,,MES,Salt Concentration,MATERIALS,,g/L,1000,,,1.000,AUTO_VALIDATED,salt concentration: 1000 ppm,f
85139ec7-725c-4e57-8b77-9bb1334288da,,,MES,Salt Concentration,MATERIALS,,g/L,1000,,,1.000,AUTO_VALIDATED,salt concentration: 1000 ppm,f
23187eb9-99e6-44b2-b026-e35cdf1faf18,,,MES,Salt Concentration,MATERIALS,,g/L,1000,,,1.000,AUTO_VALIDATED,salt concentration: 1000 ppm,f
efc846c8-f333-4e9b-a64c-cca68a5e6f8e,,,MFC,Specific Surface Area,MATERIALS,,m²/g,1,,,0.900,AUTO_VALIDATED,Table: Fig. 2. Structure after meshing,f
37afd99f-7589-49c9-be25-75d05e15c57d,,,MFC,Specific Surface Area,MATERIALS,,m²/g,1,,,0.900,AUTO_VALIDATED,Table: Fig. 2. Structure after meshing,f
4a7b2335-7174-4514-af34-f39569a20c2d,,,MFC,Specific Surface Area,MATERIALS,,m²/g,1,,,0.900,AUTO_VALIDATED,Table: Fig. 2. Structure after meshing,f
b2b21aaa-bb52-4fd0-a53e-6961eceb8380,,,MFC,Specific Surface Area,MATERIALS,,m²/g,1,,,0.900,AUTO_VALIDATED,Table: Fig. 2. Structure after meshing,f
0d941ceb-d55a-4c8f-9b81-71f7a6291978,,,MFC,Specific Surface Area,MATERIALS,,m²/g,1,,,0.900,AUTO_VALIDATED,Table: Fig. 2. Structure after meshing,f
c052b4b4-86be-40a3-8b39-a64294fb2656,,,MFC,Specific Surface Area,MATERIALS,,m²/g,1,,,0.900,AUTO_VALIDATED,Table: Fig. 2. Structure after meshing,f
e31242b7-b94a-438e-a94e-0e6d0ba8ed6b,,,MFC,Specific Surface Area,MATERIALS,,m²/g,1,,,0.900,AUTO_VALIDATED,Table: Fig. 2. Structure after meshing,f
0811a52e-226d-4f05-b60c-8e320fd95ee2,,,MFC,volume,MATERIALS,,mL,3859,,,1.000,AUTO_VALIDATED,volume=3859 m,f
15300841-0616-441f-8cd0-1dd38122bf57,,,MFC,volume,MATERIALS,,mL,2,,,1.000,AUTO_VALIDATED,Volume: 02 Issue,f
fabaa5c3-ff52-4445-a8a9-445bf89bfa4a,,,MFC,volume,MATERIALS,,mL,9,,,1.000,AUTO_VALIDATED,Volume: 09 Issue,f
89fc2cee-73ec-40f7-9407-551c30523f17,,,MFC,volume,MATERIALS,,mL,5,,,1.000,AUTO_VALIDATED,volume was 5 mL,t
61e7e876-46fb-495e-bd15-bd1e85dcdcbc,,,MFC,volume,MATERIALS,,mL,8,,,1.000,AUTO_VALIDATED,Volume: 08 Issue,f
ebae2b6f-b0b3-4249-b96d-55d33ca77107,,,MFC,volume,MATERIALS,,mL,3859,,,1.000,AUTO_VALIDATED,volume=3859 m,f
992609c9-46ff-40e3-9a53-8f0425f264eb,,,MFC,volume,MATERIALS,,mL,9,,,1.000,AUTO_VALIDATED,Volume: 09 Issue,f
9ce515a6-cc23-4fd0-b8d7-ed0fdde76082,,,MEC,volume,MATERIALS,,mL,10,,,1.000,AUTO_VALIDATED,Volume: 10 Issue,f
4b47e168-97f1-44d6-97eb-6c9af4586481,,,MFC,volume,MATERIALS,,mL,5,,,1.000,AUTO_VALIDATED,volume was 5 mL,f
e7e8027e-ffb4-4c5b-8fc8-f925f1946cdc,,,MFC,volume,MATERIALS,,mL,14,,,1.000,AUTO_VALIDATED,Volume      : 14     Revised,t
fa47876e-659f-4cc4-977a-e65652b7014b,,,MFC,volume,MATERIALS,,mL,5,,,1.000,AUTO_VALIDATED,volume was 5 mL,f
40cb2672-bcd7-42b3-ac65-82026e140223,,,MFC,volume,MATERIALS,,mL,3,,,1.000,AUTO_VALIDATED,Volume: 03 Issue,t
22d59112-03e7-43d7-8383-86a19489a3e5,,,MFC,volume,MATERIALS,,mL,9,,,1.000,AUTO_VALIDATED,Volume: 09 Issue,f
9798aa51-c020-4f10-b95b-6d17479ff551,,,MFC,volume,MATERIALS,,mL,3859,,,1.000,AUTO_VALIDATED,volume=3859 m,f
189064ab-2059-4506-9937-668b200e3347,,,MFC,volume,MATERIALS,,mL,3859,,,1.000,AUTO_VALIDATED,volume=3859 m,f
c1e64193-f1ce-4b20-a71d-cbfcac0f1413,10.15623/ijret.2013.0211017,,MFC,volume,MATERIALS,,mL,2,,,1.000,AUTO_VALIDATED,Volume: 02 Issue,f
a88af05c-3cd6-4fbe-96a5-3952562cc365,,,MEC,volume,MATERIALS,,mL,10,,,1.000,AUTO_VALIDATED,Volume: 10 Issue,f
69f4399e-95b2-44b9-8db7-6ba577eb1a4e,,,MFC,volume,MATERIALS,,mL,7,,,1.000,AUTO_VALIDATED,Volume: 07 Issue,f
9f415d83-0145-463f-a19f-bc7728870fcb,,,MFC,volume,MATERIALS,,mL,9,,,1.000,AUTO_VALIDATED,Volume: 09 Issue,f
ed7a9e2d-c34e-4930-93f2-5becf87e9464,,,MFC,volume,MATERIALS,,mL,8,,,1.000,AUTO_VALIDATED,Volume: 08 Issue,f
01d85419-08fb-4c32-96a1-73e985f53e24,,,MFC,volume,MATERIALS,,mL,5,,,1.000,AUTO_VALIDATED,volume was 5 mL,t
5224f5d6-5bbe-46f1-bc19-0a811127303c,,,MFC,volume,MATERIALS,,mL,14,,,1.000,AUTO_VALIDATED,Volume      : 14     Revised,t
1862e9a9-864d-4b48-b793-55433065bc83,,,MFC,volume,MATERIALS,,mL,3859,,,1.000,AUTO_VALIDATED,volume=3859 m,f
744fe3dc-995d-4845-b4c3-90df03982e0f,,,MFC,volume,MATERIALS,,mL,2,,,1.000,AUTO_VALIDATED,Volume: 02 Issue,f
5fcb8acb-3d38-42bf-baec-bf68f85019f4,,,MEC,volume,MATERIALS,,mL,10,,,1.000,AUTO_VALIDATED,Volume: 10 Issue,f
da04ef60-81d5-400d-94e1-57306ffbe693,,,MFC,volume,MATERIALS,,mL,9,,,1.000,AUTO_VALIDATED,Volume: 09 Issue,f
aba7f385-4a8a-4e16-9ec2-eacacbfb73c4,,,MFC,volume,MATERIALS,,mL,14,,,1.000,AUTO_VALIDATED,Volume      : 14     Revised,t
51ef4994-f013-4b70-adfd-be4ff7c814e8,,,MFC,volume,MATERIALS,,mL,3859,,,1.000,AUTO_VALIDATED,volume=3859 m,f
ad8d098c-8156-4589-ba03-db5f18a1218c,,,MEC,volume,MATERIALS,,mL,10,,,1.000,AUTO_VALIDATED,Volume: 10 Issue,f
6a364453-8bf2-4da3-933b-9d86214c8e91,,,MFC,volume,MATERIALS,,mL,9,,,1.000,AUTO_VALIDATED,Volume: 09 Issue,f
fcd34e17-bb08-4e67-83f5-448da9ccbc10,,,MFC,volume,MATERIALS,,mL,14,,,1.000,AUTO_VALIDATED,Volume      : 14     Revised,t
37970549-d120-4fb8-ab52-ca540f8fafac,,,MFC,volume,MATERIALS,,mL,3859,,,1.000,AUTO_VALIDATED,volume=3859 m,f
c048971d-307f-4acf-9c03-3794f7d6353b,,,MEC,volume,MATERIALS,,mL,10,,,1.000,AUTO_VALIDATED,Volume: 10 Issue,f
bee7a003-2929-4342-978c-e040e1aa7430,,,MFC,volume,MATERIALS,,mL,14,,,1.000,AUTO_VALIDATED,Volume      : 14     Revised,t
04677241-b753-415b-a503-786a64c5450d,,,MFC,volume,MATERIALS,,mL,3859,,,1.000,AUTO_VALIDATED,volume=3859 m,f
dd2b8da8-134b-47f8-a8b3-d7b44c4d3737,,,MEC,volume,MATERIALS,,mL,10,,,1.000,AUTO_VALIDATED,Volume: 10 Issue,f
ad58fdf9-baf5-4b74-88e1-0a3e59a80cfe,,,MFC,volume,MATERIALS,,mL,14,,,1.000,AUTO_VALIDATED,Volume      : 14     Revised,t
844428fd-48b5-46f5-8739-26c38593763f,,,MFC,volume,MATERIALS,,mL,9,,,1.000,AUTO_VALIDATED,Volume: 09 Issue,f
4c58319f-e135-497b-8d85-47d4d92e46c4,,,MFC,volume,MATERIALS,,mL,3859,,,1.000,AUTO_VALIDATED,volume=3859 m,f
a9cacc83-322d-46bb-b04a-24ca59d2c495,,,MFC,volume,MATERIALS,,mL,14,,,1.000,AUTO_VALIDATED,Volume      : 14     Revised,t
d504f9d8-7d28-4f6b-8ce8-86bc43d8729d,,,MEC,volume,MATERIALS,,mL,10,,,1.000,AUTO_VALIDATED,Volume: 10 Issue,f
f1a3c0fe-0641-4496-9d6e-dfc56f1d0609,,,MFC,volume,MATERIALS,,mL,3859,,,1.000,AUTO_VALIDATED,volume=3859 m,f
3c76f7a7-6e13-44ab-80a5-0f6d35bd109a,10.15623/ijret.2013.0211017,,MFC,volume,MATERIALS,,mL,2,,,1.000,AUTO_VALIDATED,Volume: 02 Issue,f
42de7653-5936-4c02-a93a-2e8d0ec44c33,,,MFC,volume,MATERIALS,,mL,14,,,1.000,AUTO_VALIDATED,Volume      : 14     Revised,t
a54d7fae-0997-42ee-bbbe-b5b74eaa4e14,,,MFC,volume,MATERIALS,,mL,8,,,1.000,AUTO_VALIDATED,Volume: 08 Issue,f
1af2ae36-71e1-4995-af4d-14c6d7108f01,,,MFC,volume,MATERIALS,,mL,3859,,,1.000,AUTO_VALIDATED,volume=3859 m,f
2c27e590-154a-41d1-9d9f-5a57438913b7,,,MFC,volume,MATERIALS,,mL,14,,,1.000,AUTO_VALIDATED,Volume      : 14     Revised,t
81d791de-f519-4fd2-b510-3552e365e747,,,MFC,volume,MATERIALS,,mL,14,,,1.000,AUTO_VALIDATED,Volume      : 14     Revised,t
25686ee9-a2d3-49fc-9a2c-31697f71e3bb,,,MFC,volume,MATERIALS,,mL,2,,,1.000,AUTO_VALIDATED,Volume: 02 Issue,f
a2a5d98e-1472-4db5-8525-cf7ff537158a,,,MFC,volume,MATERIALS,,mL,14,,,1.000,AUTO_VALIDATED,Volume      : 14     Revised,t
c4fc6580-af6e-42d2-8aa2-e87551398138,,,MFC,volume,MATERIALS,,mL,3,,,1.000,AUTO_VALIDATED,Volume: 03 Issue,t
7bd9cc72-2920-44ff-8632-0e70aa9bba30,,,MFC,volume,MATERIALS,,mL,7,,,1.000,AUTO_VALIDATED,Volume: 07 Issue,f
d73e865d-a818-4e2b-a1fb-fbbfc6b6512c,,,MEC,volume,MATERIALS,,mL,10,,,1.000,AUTO_VALIDATED,Volume: 10 Issue,f
e04a3230-8012-4b90-a9a5-52e690bdb88b,,,MFC,volume,MATERIALS,,mL,7,,,1.000,AUTO_VALIDATED,Volume: 07 Issue,f
ecb79cf4-437c-4245-bcf9-32af65939830,,,MEC,volume,MATERIALS,,mL,10,,,1.000,AUTO_VALIDATED,Volume: 10 Issue,f
8532e30c-5579-42aa-b6b6-8426f0dddb56,,,MFC,volume,MATERIALS,,mL,7,,,1.000,AUTO_VALIDATED,Volume: 07 Issue,f
a47d84a7-8252-4a82-b677-9e3ed5d06f3d,,,MEC,volume,MATERIALS,,mL,10,,,1.000,AUTO_VALIDATED,Volume: 10 Issue,f
fead4518-a281-49a3-909f-cf3f03526430,,,MFC,volume,MATERIALS,,mL,7,,,1.000,AUTO_VALIDATED,Volume: 07 Issue,f
e07987e7-9411-4084-af88-adea0098c34f,,,MEC,volume,MATERIALS,,mL,10,,,1.000,AUTO_VALIDATED,Volume: 10 Issue,f
730ce2f0-68a7-408f-846e-ef94d4d3f541,,,MFC,volume,MATERIALS,,mL,7,,,1.000,AUTO_VALIDATED,Volume: 07 Issue,f
85093124-de5c-442b-90e6-ab99a1588be2,,,MEC,volume,MATERIALS,,mL,10,,,1.000,AUTO_VALIDATED,Volume: 10 Issue,f
b5a80518-726c-4c80-a811-45530aa83587,,,MFC,volume,MATERIALS,,mL,7,,,1.000,AUTO_VALIDATED,Volume: 07 Issue,f
c30c4568-053d-4468-a329-e586e554b019,,,MEC,volume,MATERIALS,,mL,10,,,1.000,AUTO_VALIDATED,Volume: 10 Issue,f
89e77b9e-6637-4473-9925-769aa1ef3e96,,,MFC,volume,MATERIALS,,mL,7,,,1.000,AUTO_VALIDATED,Volume: 07 Issue,f
cc9832ff-8764-4e86-9a78-b7adb7025dcd,,,MEC,volume,MATERIALS,,mL,10,,,1.000,AUTO_VALIDATED,Volume: 10 Issue,f
6c86c0ab-7c7f-445d-82a4-cf24c62bdbdc,,,MFC,volume,MATERIALS,,mL,7,,,1.000,AUTO_VALIDATED,Volume: 07 Issue,f
b9e14592-845a-4728-b396-b9d642eaf20a,,,MEC,volume,MATERIALS,,mL,10,,,1.000,AUTO_VALIDATED,Volume: 10 Issue,f
e9fe2828-6063-48ab-ab57-f7348c2db849,,,MFC,volume,MATERIALS,,mL,7,,,1.000,AUTO_VALIDATED,Volume: 07 Issue,f
11c70905-03f1-479b-9685-75d53c86669e,,,MEC,volume,MATERIALS,,mL,10,,,1.000,AUTO_VALIDATED,Volume: 10 Issue,f
43f1bfa7-1a74-4e63-ba08-9cec2fda3290,,,MFC,volume,MATERIALS,,mL,7,,,1.000,AUTO_VALIDATED,Volume: 07 Issue,f
fe349fe2-02ba-4288-a81f-8712a0a4bd1a,,,MEC,volume,MATERIALS,,mL,10,,,1.000,AUTO_VALIDATED,Volume: 10 Issue,f
7ddc9517-9da4-4bda-974d-29d193c69366,,,MFC,volume,MATERIALS,,mL,7,,,1.000,AUTO_VALIDATED,Volume: 07 Issue,f
441285a8-7753-4e38-a645-64b2f5426710,,,MEC,volume,MATERIALS,,mL,10,,,1.000,AUTO_VALIDATED,Volume: 10 Issue,f
e3124cd1-1d1f-4b2c-b210-d68852136504,,,MFC,volume,MATERIALS,,mL,8,,,1.000,AUTO_VALIDATED,Volume: 08 Issue,f
e918822b-a9ed-424c-b2ca-9dd81a45dad1,,,MFC,volume,MATERIALS,,mL,9,,,1.000,AUTO_VALIDATED,Volume: 09 Issue,f
417676e3-211e-47bb-970d-fc5e5d673ec2,,,MFC,volume,MATERIALS,,mL,3859,,,1.000,AUTO_VALIDATED,volume=3859 m,f
ca49df03-22c6-43ed-bb5d-20a6535148b1,,,MFC,volume,MATERIALS,,mL,3,,,1.000,AUTO_VALIDATED,Volume: 03 Issue,t
e726b8ea-0961-4cf2-9e45-17e2a4ce9a62,,,MFC,volume,MATERIALS,,mL,3,,,1.000,AUTO_VALIDATED,Volume: 03 Issue,t
13ed5a56-4758-44b8-8244-8dfcb4a13187,,,MFC,volume,MATERIALS,,mL,5,,,1.000,AUTO_VALIDATED,volume was 5 mL,f
fcaa21ee-d4a0-48e1-bd8a-2c7d54dd2cf0,,,MES,duration,OPERATIONAL,,h,10,,,1.000,AUTO_VALIDATED,duration = 10s,f
f047059c-b239-4ff5-8709-4e419179aff2,,,MES,duration,OPERATIONAL,,h,10,,,1.000,AUTO_VALIDATED,duration = 10s,f
d7f26387-5ef4-4711-bf2b-a98398df5d8e,,,MES,duration,OPERATIONAL,,h,10,,,1.000,AUTO_VALIDATED,duration = 10s,f
617a2d4c-bd32-4177-b002-92589dbf05e8,,,MES,duration,OPERATIONAL,,h,10,,,1.000,AUTO_VALIDATED,duration = 10s,f
6d3452e4-8181-478a-95b4-88ddcc96b7a6,,,MES,duration,OPERATIONAL,,h,10,,,1.000,AUTO_VALIDATED,duration = 10s,f
d77eb5f3-b086-452d-b9f6-e36b1554cc36,,,MFC,Final Volume,OPERATIONAL,Fed-Batch Operation,L,10,,,1.000,AUTO_VALIDATED,final volume = 10/,f
1ddb67dc-cdc4-4ceb-9cf8-0b51da5f4046,,,MFC,Final Volume,OPERATIONAL,Fed-Batch Operation,L,10,,,1.000,AUTO_VALIDATED,final volume = 10/,f
0019617c-790e-4cfe-ae53-41716eab34ee,,,MFC,Final Volume,OPERATIONAL,Fed-Batch Operation,L,10,,,1.000,AUTO_VALIDATED,final volume = 10/,f
e06e5cd7-7eb9-4a39-8d93-a605cfd5fc25,,,MFC,Final Volume,OPERATIONAL,Fed-Batch Operation,L,10,,,1.000,AUTO_VALIDATED,final volume = 10/,f
1396bce8-871c-4807-9f93-27eb6f48f8f4,,,MFC,Final Volume,OPERATIONAL,Fed-Batch Operation,L,10,,,1.000,AUTO_VALIDATED,final volume = 10/,f
b3db75d4-e780-4319-ab4a-be1c13a3bbf6,,,MFC,Final Volume,OPERATIONAL,Fed-Batch Operation,L,10,,,1.000,AUTO_VALIDATED,final volume = 10/,f
bb19184e-d171-45dc-bb5d-23e31cc2fd74,,,MFC,Final Volume,OPERATIONAL,Fed-Batch Operation,L,10,,,1.000,AUTO_VALIDATED,final volume = 10/,f
95a91aa6-c9e3-49c2-9333-4de75ecb294b,,,MFC,Final Volume,OPERATIONAL,Fed-Batch Operation,L,10,,,1.000,AUTO_VALIDATED,final volume = 10/,f
c3f95abf-4319-4a18-ac21-80e761ff6400,,,MFC,Final Volume,OPERATIONAL,Fed-Batch Operation,L,10,,,1.000,AUTO_VALIDATED,final volume = 10/,f
65248d04-2ac7-4ad9-b985-116c5befbec6,,,MFC,Final Volume,OPERATIONAL,Fed-Batch Operation,L,10,,,1.000,AUTO_VALIDATED,final volume = 10/,f
02938887-619f-4239-bbe4-421c40481d70,,,MFC,Final Volume,OPERATIONAL,Fed-Batch Operation,L,10,,,1.000,AUTO_VALIDATED,final volume = 10/,f
8e9b633c-4185-4ab6-ae2d-36807c12c90a,,,MFC,Final Volume,OPERATIONAL,Fed-Batch Operation,L,10,,,1.000,AUTO_VALIDATED,final volume = 10/,f
d9a722fe-9397-44eb-97ef-ca94fd31deb1,,,MES,Flow Rate,OPERATIONAL,,mL/min,100,,,1.000,AUTO_VALIDATED,Flow rate = 100 L/h,f
bec3c7de-8e04-4b9f-a218-bbb461a452f6,,,MES,Flow Rate,OPERATIONAL,,mL/min,100,,,1.000,AUTO_VALIDATED,Flow rate = 100 L/h,f
29306e8c-0c7f-4cf9-ab7d-52c7d770db07,,,MES,Flow Rate,OPERATIONAL,,mL/min,5,,,1.000,AUTO_VALIDATED,flow rate =5 L/min,f
1a261039-87d7-4d3f-bd31-9b065baf3da2,,,MFC,Flow Rate,OPERATIONAL,,mL/min,144,,,0.900,AUTO_VALIDATED,Table: Table 23. MPPC design basis summary.,f
b9dbdd23-745f-4558-9622-e7e22912b482,,,MES,Flow Rate,OPERATIONAL,,mL/min,100,,,1.000,AUTO_VALIDATED,Flow rate = 100 L/h,f
2f9e7b02-5a03-4e8f-8ce5-4ddf958e3983,,,MFC,Flow Rate,OPERATIONAL,,mL/min,144,,,0.900,AUTO_VALIDATED,Table: Table 23. MPPC design basis summary.,f
da4e02bb-36c7-4c6b-bd81-7f9aae76688e,,,MES,Flow Rate,OPERATIONAL,,mL/min,40,,,1.000,AUTO_VALIDATED,flow rate = 40 mL/min,f
f88197e2-4642-411c-bb80-296a0c0695a0,,,MES,Flow Rate,OPERATIONAL,,mL/min,40,,,1.000,AUTO_VALIDATED,flow rate = 40 mL/min,f
514ee9df-f593-4e82-9596-46fb7d7810eb,,,MES,Flow Rate,OPERATIONAL,,mL/min,100,,,1.000,AUTO_VALIDATED,Flow rate = 100 L/h,f
799f7900-2670-46dc-b93e-ca3803cfab1d,,,MES,Flow Rate,OPERATIONAL,,mL/min,5,,,1.000,AUTO_VALIDATED,flow rate =5 L/min,f
aee61fbf-dbbf-42a2-9a2d-9ffee8fabd15,,,MES,Flow Rate,OPERATIONAL,,mL/min,100,,,1.000,AUTO_VALIDATED,Flow rate = 100 L/h,f
ee39bccb-bf81-4380-ba98-e42aa8bcf853,,,MES,Flow Rate,OPERATIONAL,,mL/min,100,,,1.000,AUTO_VALIDATED,Flow rate = 100 L/h,f
9a4a102c-1ad8-46ab-9d31-d10d72e28573,,,MES,Flow Rate,OPERATIONAL,,mL/min,100,,,1.000,AUTO_VALIDATED,Flow rate = 100 L/h,f
69cc625e-cbd9-449f-97b9-5acf1a2d6c99,,,MES,Flow Rate,OPERATIONAL,,mL/min,100,,,1.000,AUTO_VALIDATED,Flow rate = 100 L/h,f
58f29646-a6f6-4bda-b2e9-3dec80e29f04,,,MES,Flow Rate,OPERATIONAL,,mL/min,5,,,1.000,AUTO_VALIDATED,flow rate =5 L/min,f
cebc0019-0f5f-4fc4-a809-81d81833640f,,,MES,Flow Rate,OPERATIONAL,,mL/min,100,,,1.000,AUTO_VALIDATED,Flow rate = 100 L/h,f
f914511b-3d2d-49fa-950e-f3e385ef42f1,,,MES,Flow Rate,OPERATIONAL,,mL/min,5,,,1.000,AUTO_VALIDATED,flow rate =5 L/min,f
04053fe4-a943-4e9c-b89e-9e356ac166bd,,,MES,Flow Rate,OPERATIONAL,,mL/min,5,,,1.000,AUTO_VALIDATED,flow rate =5 L/min,f
acc0f53e-255a-48c1-8f30-45fc3d24581c,,,MES,Flow Rate,OPERATIONAL,,mL/min,100,,,1.000,AUTO_VALIDATED,Flow rate = 100 L/h,f
3698ce76-356b-4059-a3f3-b2f91b96fa63,,,MFC,Flow Rate,OPERATIONAL,,mL/min,144,,,0.900,AUTO_VALIDATED,Table: Table 23. MPPC design basis summary.,f
b2d354d1-f18e-4b48-9cfc-670e927c2b29,,,MES,Flow Rate,OPERATIONAL,,mL/min,40,,,1.000,AUTO_VALIDATED,flow rate = 40 mL/min,f
8cbb80f0-d870-4d95-bb16-c0bb9e185d63,,,MFC,Flow Rate,OPERATIONAL,,mL/min,225,,,1.000,AUTO_VALIDATED,flow rate was 225 ml,t
5968829d-f11d-4824-88f3-5afc11bfae9e,,,MES,Flow Rate,OPERATIONAL,,mL/min,100,,,1.000,AUTO_VALIDATED,Flow rate = 100 L/h,f
55a87adf-de0e-420c-826b-c8ce2dc9cfbc,,,MFC,Flow Rate,OPERATIONAL,,mL/min,225,,,1.000,AUTO_VALIDATED,flow rate was 225 ml,t
dc159980-ca87-458d-928c-8225de99df57,,,MES,Flow Rate,OPERATIONAL,,mL/min,100,,,1.000,AUTO_VALIDATED,Flow rate = 100 L/h,f
1756502d-b915-4764-b14f-0c9a84fa4762,,,MFC,Flow Rate,OPERATIONAL,,mL/min,144,,,0.900,AUTO_VALIDATED,Table: Table 23. MPPC design basis summary.,f
ca1cdce9-bd49-4e76-ba62-b69705a007e2,,,MFC,Hydraulic Retention Time,OPERATIONAL,Continuous Operation,h,12,,,1.000,AUTO_VALIDATED,hydraulic retention time = 12 h,t
abe846ae-da62-4bf9-9d70-e0001fad3a8a,,,MFC,Hydraulic Retention Time,OPERATIONAL,Continuous Operation,h,12,,,1.000,AUTO_VALIDATED,hydraulic retention time = 12 h,t
ae3f12c0-33c2-4f6e-88fd-264300cc3ff3,,,MFC,Hydraulic Retention Time,OPERATIONAL,Continuous Operation,h,12,,,1.000,AUTO_VALIDATED,hydraulic retention time = 12 h,t
9e8846e3-ab32-45f9-92f5-08670659be3e,,,MFC,Hydraulic Retention Time,OPERATIONAL,Continuous Operation,h,12,,,1.000,AUTO_VALIDATED,hydraulic retention time = 12 h,t
b500a4ef-5636-4653-8879-4faeefee78c2,,,MFC,Hydraulic Retention Time,OPERATIONAL,Continuous Operation,h,12,,,1.000,AUTO_VALIDATED,hydraulic retention time = 12 h,t
4808e0c8-6b64-4cb2-be07-4b9e44b2de7a,,,MES,Hydraulic Retention Time,OPERATIONAL,Continuous Operation,h,1,,,1.000,AUTO_VALIDATED,Hydraulic retention time was 1 hour,f
b6406093-f503-4507-ac05-af930b658017,,,MFC,Hydraulic Retention Time,OPERATIONAL,Continuous Operation,h,12,,,1.000,AUTO_VALIDATED,hydraulic retention time = 12 h,t
658e3d0b-7f71-4d55-bccf-f1f32fac1013,,,MFC,Hydraulic Retention Time,OPERATIONAL,Continuous Operation,h,12,,,1.000,AUTO_VALIDATED,hydraulic retention time = 12 h,t
18a231e1-9cdb-4f98-bdeb-803eb527e731,,,MFC,Hydraulic Retention Time,OPERATIONAL,Continuous Operation,h,12,,,1.000,AUTO_VALIDATED,hydraulic retention time = 12 h,t
c056d99a-3aeb-4385-b759-d8a4c221317c,,,MFC,Hydraulic Retention Time,OPERATIONAL,Continuous Operation,h,12,,,1.000,AUTO_VALIDATED,hydraulic retention time = 12 h,t
3d5f003b-3ed5-47e6-9494-9598950754d7,,,MFC,Hydraulic Retention Time,OPERATIONAL,Continuous Operation,h,12,,,1.000,AUTO_VALIDATED,hydraulic retention time = 12 h,t
c53bc1dd-8598-480e-910a-628699e54b69,,,MFC,Hydraulic Retention Time,OPERATIONAL,Continuous Operation,h,12,,,1.000,AUTO_VALIDATED,hydraulic retention time = 12 h,t
14fbfe36-c0c4-4a4f-aa30-0e5f05ca4ba3,,,MFC,Hydraulic Retention Time,OPERATIONAL,Continuous Operation,h,12,,,1.000,AUTO_VALIDATED,hydraulic retention time = 12 h,t
4a81abfc-24b4-4249-a198-e6335176529e,,,MFC,Hydraulic Retention Time,OPERATIONAL,Continuous Operation,h,12,,,1.000,AUTO_VALIDATED,hydraulic retention time = 12 h,t
c5d0156e-928e-4a83-aacd-ab6f093292c1,,,MFC,Hydraulic Retention Time,OPERATIONAL,Continuous Operation,h,12,,,1.000,AUTO_VALIDATED,hydraulic retention time = 12 h,t
1e56d779-f09f-4f72-8269-ed5c3b003960,,,MFC,Hydraulic Retention Time,OPERATIONAL,Continuous Operation,h,12,,,1.000,AUTO_VALIDATED,hydraulic retention time = 12 h,t
e36480b7-7778-44b9-8644-2ee6a112184e,,,MFC,Hydraulic Retention Time,OPERATIONAL,Continuous Operation,h,12,,,1.000,AUTO_VALIDATED,hydraulic retention time = 12 h,t
46037b5c-cab2-4cee-8bfd-1b4183be1d46,,,MFC,Hydraulic Retention Time,OPERATIONAL,Continuous Operation,h,12,,,1.000,AUTO_VALIDATED,hydraulic retention time = 12 h,t
db957a01-1a11-4eaa-8421-5ab3f111a198,,,MFC,Hydraulic Retention Time,OPERATIONAL,Continuous Operation,h,12,,,1.000,AUTO_VALIDATED,hydraulic retention time = 12 h,t
eb3cfb33-09cb-4091-bae1-41ba9a977455,,,MES,Hydraulic Retention Time,OPERATIONAL,Continuous Operation,h,1,,,1.000,AUTO_VALIDATED,Hydraulic retention time was 1 hour,f
9d91b086-f861-4e2e-8de8-417f5b0c7f41,,,MFC,Hydraulic Retention Time,OPERATIONAL,Continuous Operation,h,12,,,1.000,AUTO_VALIDATED,hydraulic retention time = 12 h,t
9a83f9e4-6bff-4287-bab1-fddaff19f8da,,,MES,Hydraulic Retention Time,OPERATIONAL,Continuous Operation,h,1,,,1.000,AUTO_VALIDATED,Hydraulic retention time was 1 hour,f
b288df3e-edaf-4ddf-9d74-c4bdf8828726,,,MFC,Hydraulic Retention Time,OPERATIONAL,Continuous Operation,h,12,,,1.000,AUTO_VALIDATED,hydraulic retention time = 12 h,t
b48861c7-2ecc-49a3-adc3-cc62ed03a18a,,,MES,Initial Volume,OPERATIONAL,Fed-Batch Operation,L,10,,,1.000,AUTO_VALIDATED,initial volume: 10 mL,t
3eac8b59-398b-4381-bdda-e761c7b39097,,,MES,Initial Volume,OPERATIONAL,Fed-Batch Operation,L,10,,,1.000,AUTO_VALIDATED,initial volume: 10 mL,t
fc219f4c-94f9-44a1-9b26-67f749e3e445,,,MES,Initial Volume,OPERATIONAL,Fed-Batch Operation,L,10,,,1.000,AUTO_VALIDATED,initial volume: 10 mL,t
a313beab-aa58-4301-983f-64cc28e10a2a,,,MES,Initial Volume,OPERATIONAL,Fed-Batch Operation,L,10,,,1.000,AUTO_VALIDATED,initial volume: 10 mL,t
0071c2d6-ccba-44f6-bd7f-356a62221104,,,MES,Inoculum Volume,OPERATIONAL,Startup Procedures,%,3,,,1.000,AUTO_VALIDATED,inoculum volume was 3%,f
8a9665fa-11c2-4278-8ddf-5d074d9aa229,,,MES,Inoculum Volume,OPERATIONAL,Startup Procedures,%,3,,,1.000,AUTO_VALIDATED,inoculum volume was 3%,f
07e7cc1f-b6f7-42b1-baf2-f50fbe03683b,,,MES,Inoculum Volume,OPERATIONAL,Startup Procedures,%,3,,,1.000,AUTO_VALIDATED,inoculum volume was 3%,f
2332e264-8662-49ad-8e05-3f909a06fb5c,,,MES,Inoculum Volume,OPERATIONAL,Startup Procedures,%,3,,,1.000,AUTO_VALIDATED,inoculum volume was 3%,f
f53bdd56-58e3-4391-9186-9df0f2b710a4,,,MES,Inoculum Volume,OPERATIONAL,Startup Procedures,%,3,,,1.000,AUTO_VALIDATED,inoculum volume was 3%,f
bf05be17-8433-4d70-9524-a62c85097e1a,,,MES,Inoculum Volume,OPERATIONAL,Startup Procedures,%,3,,,1.000,AUTO_VALIDATED,inoculum volume was 3%,f
995d9301-c52c-4775-a136-a8a7dfdcc8d0,,,MES,Inoculum Volume,OPERATIONAL,Startup Procedures,%,3,,,1.000,AUTO_VALIDATED,inoculum volume was 3%,f
474510ab-19ff-4cf7-9665-ddff16e78751,,,MES,mode,OPERATIONAL,,,96.5,,,1.000,AUTO_VALIDATED,mode is 96-97%,f
499bcd30-3e15-4e42-8b36-80c246cf63c5,,,MES,mode,OPERATIONAL,,,96.5,,,1.000,AUTO_VALIDATED,mode is 96-97%,f
d2a1a52a-4139-4e56-ba37-55ce0539c839,,,MES,temperature,OPERATIONAL,,°C,12,,,1.000,AUTO_VALIDATED,temperature = 12°C,f
2188f16a-dbfa-47b6-901f-5b825feefe9c,,,MES,temperature,OPERATIONAL,,°C,37,,,1.000,AUTO_VALIDATED,temperature: 37°C,f
4c2dbed1-516b-4b46-a924-d87ae0730988,,,MES,temperature,OPERATIONAL,,°C,12,,,1.000,AUTO_VALIDATED,temperature = 12°C,f
64bf2ff6-5081-4e0b-aa5d-bbf2f15faca3,,,MES,temperature,OPERATIONAL,,°C,12,,,1.000,AUTO_VALIDATED,temperature = 12°C,f
44525eb4-ad5c-479f-933b-a6377c85b40c,,,MFC,temperature,OPERATIONAL,,°C,185,,,1.000,AUTO_VALIDATED,temperature: 20-350oC,f
91404f35-77cd-4a50-912d-9d71f044ee51,,,MFC,temperature,OPERATIONAL,,°C,185,,,1.000,AUTO_VALIDATED,temperature: 20-350oC,f
e0a312fe-0717-4bb9-ab42-82eb7c728926,,,MES,temperature,OPERATIONAL,,°C,32,,,1.000,AUTO_VALIDATED,standard temperature of 32oc,f
95bdd19d-c289-4bf2-8651-053c89af2628,,,MES,temperature,OPERATIONAL,,°C,37,,,1.000,AUTO_VALIDATED,temperature: 37°C,f
d4673119-97d8-4fa5-a84e-6aeb86af374c,,,MFC,temperature,OPERATIONAL,,°C,185,,,1.000,AUTO_VALIDATED,temperature: 20-350oC,f
93d6a4bf-b5d2-4402-a991-989f0dc73785,,,MES,temperature,OPERATIONAL,,°C,10,,,1.000,AUTO_VALIDATED,standard temperature of 10 °C,f
28ebf1e5-a7fc-4f6c-bd01-887ee3902a6e,,,MES,temperature,OPERATIONAL,,°C,32,,,1.000,AUTO_VALIDATED,standard temperature of 32oc,f
9a42eda9-a410-41ff-91d8-afa782dd0775,,,MES,temperature,OPERATIONAL,,°C,18,,,1.000,AUTO_VALIDATED,temperature: 18oC,f
7e74f379-8fb6-4cf8-b310-8a60cb266cec,,,MES,temperature,OPERATIONAL,,°C,10,,,1.000,AUTO_VALIDATED,standard temperature of 10 °C,f
127e461d-3d41-4cfa-afb1-1a6350d10e11,,,MES,temperature,OPERATIONAL,,°C,40,,,0.900,AUTO_VALIDATED,"Table: Experiment was started by adjusting pH to 7.0 -7.5 using NaOH (1 liter effluent + 7ml of 1M NaOH). 25 plants of E. crassipes, P. stratiotes",f
bd9af400-e36d-4089-9be6-00446587c049,,,MES,temperature,OPERATIONAL,,°C,37,,,1.000,AUTO_VALIDATED,temperature: 37°C,f
22247629-4564-41aa-b0e9-64a791b0ff05,,,MES,temperature,OPERATIONAL,,°C,18,,,1.000,AUTO_VALIDATED,temperature: 18oC,f
0e024559-caee-4081-87d7-881aac992707,,,MES,temperature,OPERATIONAL,,°C,10,,,1.000,AUTO_VALIDATED,standard temperature of 10 °C,f
312a6620-30a4-47ef-9bce-7df6c43679f7,,,MES,temperature,OPERATIONAL,,°C,18,,,1.000,AUTO_VALIDATED,temperature: 18oC,f
011c2169-1fb7-4693-af3b-6da79fd138bd,,,MES,temperature,OPERATIONAL,,°C,10,,,1.000,AUTO_VALIDATED,standard temperature of 10 °C,f
61608a19-f5db-4588-9558-164f97a6009f,,,MES,temperature,OPERATIONAL,,°C,40,,,0.900,AUTO_VALIDATED,"Table: Experiment was started by adjusting pH to 7.0 -7.5 using NaOH (1 liter effluent + 7ml of 1M NaOH). 25 plants of E. crassipes, P. stratiotes",f
7ec52c04-936b-4bab-8947-7f41ddc2fa60,,,MES,temperature,OPERATIONAL,,°C,32,,,1.000,AUTO_VALIDATED,standard temperature of 32oc,f
4c26883a-236f-49e4-adea-c2a9d52ff72f,,,MES,temperature,OPERATIONAL,,°C,12,,,1.000,AUTO_VALIDATED,temperature = 12°C,f
887bdc57-8f42-460b-b443-e3ec2c003f05,,,MES,temperature,OPERATIONAL,,°C,37,,,1.000,AUTO_VALIDATED,temperature: 37°C,f
6fcef5fd-d3dd-46c6-8b40-d9ca23fd72bc,,,MES,temperature,OPERATIONAL,,°C,18,,,1.000,AUTO_VALIDATED,temperature: 18oC,f
75b1ae3d-8d4a-4e1c-a3b0-53b75445efb8,,,MES,temperature,OPERATIONAL,,°C,18,,,1.000,AUTO_VALIDATED,temperature: 18oC,f
26a2be40-1e62-4a3a-8d72-ddb2d66e4168,,,MES,temperature,OPERATIONAL,,°C,37,,,1.000,AUTO_VALIDATED,temperature: 37°C,f
eba50c58-2a4e-4d5d-bc96-b7533e8e1954,,,MFC,temperature,OPERATIONAL,,°C,185,,,1.000,AUTO_VALIDATED,temperature: 20-350oC,f
b05d475d-0fd8-4ab8-86df-3a31c267516a,,,MES,temperature,OPERATIONAL,,°C,32,,,1.000,AUTO_VALIDATED,standard temperature of 32oc,f
ecc9fe30-23c9-4e2b-99c9-7a84fbd12f7a,,,MES,temperature,OPERATIONAL,,°C,18,,,1.000,AUTO_VALIDATED,temperature: 18oC,f
fb794ce4-d832-4dab-b539-b53a21fd0d24,,,MES,temperature,OPERATIONAL,,°C,32,,,1.000,AUTO_VALIDATED,standard temperature of 32oc,f
d4aae162-6b9c-4a69-90ef-95c1f341bec8,,,MES,temperature,OPERATIONAL,,°C,18,,,1.000,AUTO_VALIDATED,temperature: 18oC,f
1b9705fb-e699-47a0-9839-a9406b528295,,,MES,temperature,OPERATIONAL,,°C,10,,,1.000,AUTO_VALIDATED,standard temperature of 10 °C,f
375a4d84-0c7a-405f-8786-c08f20a5f4c3,,,MES,temperature,OPERATIONAL,,°C,18,,,1.000,AUTO_VALIDATED,temperature: 18oC,f
d1f4995e-7d01-47c1-b315-7dcae39c5d0e,,,MES,temperature,OPERATIONAL,,°C,10,,,1.000,AUTO_VALIDATED,standard temperature of 10 °C,f
ca944154-38e0-425c-b356-18585516b28b,,,MES,temperature,OPERATIONAL,,°C,32,,,1.000,AUTO_VALIDATED,standard temperature of 32oc,f
a5a892a7-0b84-4a85-bec6-fdae9ad06f91,,,MES,temperature,OPERATIONAL,,°C,18,,,1.000,AUTO_VALIDATED,temperature: 18oC,f
560b28bb-2361-4863-af92-b8e431030c08,,,MES,temperature,OPERATIONAL,,°C,12,,,1.000,AUTO_VALIDATED,temperature = 12°C,f
c7b31fe7-2de3-4b5b-9ff6-518e8a0c4865,,,MES,temperature,OPERATIONAL,,°C,32,,,1.000,AUTO_VALIDATED,standard temperature of 32oc,f
96bf9f1b-c643-4b75-83ef-941495a7fc74,,,MFC,temperature,OPERATIONAL,,°C,185,,,1.000,AUTO_VALIDATED,temperature: 20-350oC,f
be635e22-3e01-4aa3-9dec-54a951ba957a,,,MES,temperature,OPERATIONAL,,°C,10,,,1.000,AUTO_VALIDATED,standard temperature of 10 °C,f
92a98d47-fab3-40b4-a9e0-27b5e0437078,,,MES,temperature,OPERATIONAL,,°C,18,,,1.000,AUTO_VALIDATED,temperature: 18oC,f
7a8451af-28f3-4f1e-8962-68cd01aeb6cd,,,MFC,temperature,OPERATIONAL,,°C,185,,,1.000,AUTO_VALIDATED,temperature: 20-350oC,f
d92e593d-23e9-4f3c-8e91-9e5f69555e1c,,,MES,temperature,OPERATIONAL,,°C,18,,,1.000,AUTO_VALIDATED,temperature: 18oC,f
db049737-36f5-4eea-87c1-6a96285b4fdd,,,MES,temperature,OPERATIONAL,,°C,32,,,1.000,AUTO_VALIDATED,standard temperature of 32oc,f
78a636bf-959c-4eb6-8e22-af05f1843c5e,,,MES,temperature,OPERATIONAL,,°C,32,,,1.000,AUTO_VALIDATED,standard temperature of 32oc,f
f93c13a6-ee00-4f87-9187-587b9c2cc2c7,,,MES,temperature,OPERATIONAL,,°C,32,,,1.000,AUTO_VALIDATED,standard temperature of 32oc,f
48afbe5c-a933-4c48-a711-9a271ea80d8f,,,MES,temperature,OPERATIONAL,,°C,40,,,0.900,AUTO_VALIDATED,"Table: Experiment was started by adjusting pH to 7.0 -7.5 using NaOH (1 liter effluent + 7ml of 1M NaOH). 25 plants of E. crassipes, P. stratiotes",f
274f3a31-8280-43a0-95d5-66e6fda7f34a,,,MES,temperature,OPERATIONAL,,°C,40,,,0.900,AUTO_VALIDATED,"Table: Experiment was started by adjusting pH to 7.0 -7.5 using NaOH (1 liter effluent + 7ml of 1M NaOH). 25 plants of E. crassipes, P. stratiotes",f
3fb62706-15fa-432a-8610-1a17b6d75ca4,,,MES,temperature,OPERATIONAL,,°C,40,,,0.900,AUTO_VALIDATED,"Table: Experiment was started by adjusting pH to 7.0 -7.5 using NaOH (1 liter effluent + 7ml of 1M NaOH). 25 plants of E. crassipes, P. stratiotes",f
cbf01626-55fe-4245-adc7-e3249bf622ea,10.1051/bioconf/202621613001,2026,MFC,Bod Removal,PERFORMANCE,Organic Removal,%,91,,,1.000,AUTO_VALIDATED,BOD removal: 91%,t
d5019567-c248-4398-b3be-34604413f13b,10.1051/bioconf/202621613001,2026,MFC,Bod Removal,PERFORMANCE,Organic Removal,%,91,,,1.000,AUTO_VALIDATED,BOD removal: 91%,t
7814af9e-18d5-4000-8069-3af7746a2b35,,,MES,Bod Removal,PERFORMANCE,Organic Removal,%,71,,,1.000,AUTO_VALIDATED,BOD removal was 71%,f
f1fb0d5f-7f4f-4dc3-83c7-b1a4995d441e,,,MES,Bod Removal,PERFORMANCE,Organic Removal,%,71,,,1.000,AUTO_VALIDATED,BOD removal was 71%,f
ad198991-2112-4530-bcf5-79fbd1f38948,,,MES,Bod Removal,PERFORMANCE,Organic Removal,%,71,,,1.000,AUTO_VALIDATED,BOD removal was 71%,f
8ddfd5ce-3d3e-43b6-885f-a9985b214c05,,,MES,Bod Removal,PERFORMANCE,Organic Removal,%,71,,,1.000,AUTO_VALIDATED,BOD removal was 71%,f
e05f1ada-af67-4918-ad6f-604b2b08db28,,,MES,Bod Removal,PERFORMANCE,Organic Removal,%,71,,,1.000,AUTO_VALIDATED,BOD removal was 71%,f
a3853de7-b15f-4b64-b93a-b22eca62d256,,,MES,Bod Removal,PERFORMANCE,Organic Removal,%,71,,,1.000,AUTO_VALIDATED,BOD removal was 71%,f
e6dc9013-4878-4872-a3d3-e8ee4a2489bd,,,MES,Bod Removal,PERFORMANCE,Organic Removal,%,71,,,1.000,AUTO_VALIDATED,BOD removal was 71%,f
a91799fa-be94-4f54-970e-414d88d57bdb,,,MES,Bod Removal,PERFORMANCE,Organic Removal,%,71,,,1.000,AUTO_VALIDATED,BOD removal was 71%,f
373d62a6-44be-4cf8-8346-323c1446af31,,,MES,Bod Removal,PERFORMANCE,Organic Removal,%,71,,,1.000,AUTO_VALIDATED,BOD removal was 71%,f
2ef5e491-c9bd-44a2-b461-cf881087e0be,,,MES,Bod Removal,PERFORMANCE,Organic Removal,%,71,,,1.000,AUTO_VALIDATED,BOD removal was 71%,f
12a7d3ae-e0af-44ec-a91f-4b5d113e5646,,,MES,Bod Removal,PERFORMANCE,Organic Removal,%,71,,,1.000,AUTO_VALIDATED,BOD removal was 71%,f
fc45224c-43d4-4f80-bb92-a035e8012e85,,,MES,Bod Removal,PERFORMANCE,Organic Removal,%,71,,,1.000,AUTO_VALIDATED,BOD removal was 71%,f
d87a2271-8e48-4723-98f3-cddabce18ffd,,,MFC,Cod Removal,PERFORMANCE,Organic Removal,%,96,,,1.000,AUTO_VALIDATED,COD removal was 96%,f
e25148f9-56d4-474e-8062-90d869a32c83,,,MFC,Cod Removal,PERFORMANCE,Organic Removal,%,96,,,1.000,AUTO_VALIDATED,COD removal was 96%,f
ed016379-d73b-469f-a979-673c4301a2ae,,,MFC,Cod Removal,PERFORMANCE,Organic Removal,%,96,,,1.000,AUTO_VALIDATED,COD removal was 96%,f
2b6819a6-5940-410a-aeb4-e1ed8f25c7ea,,,MFC,Cod Removal,PERFORMANCE,Organic Removal,%,96,,,1.000,AUTO_VALIDATED,COD removal was 96%,f
b743e9ef-1c35-46e4-bfa2-826d3cd104ed,,,MFC,Cod Removal,PERFORMANCE,Organic Removal,%,87,,,1.000,AUTO_VALIDATED,COD removal = 87%,f
a0f89d7d-a63c-4216-b296-dba2eabbb900,,,MFC,Cod Removal,PERFORMANCE,Organic Removal,%,96,,,1.000,AUTO_VALIDATED,COD removal was 96%,f
b6624075-26a1-4134-8819-f4ee8f3f6bd0,,,MFC,Cod Removal,PERFORMANCE,Organic Removal,%,87,,,1.000,AUTO_VALIDATED,COD removal = 87%,f
b9c853a6-6dba-4bcf-8f73-cda986ba0965,,,MFC,Cod Removal,PERFORMANCE,Organic Removal,%,96,,,1.000,AUTO_VALIDATED,COD removal was 96%,f
6f52d2ab-0e86-47f7-9fcd-47bdfe35eb26,,,MFC,Cod Removal,PERFORMANCE,Organic Removal,%,96,,,1.000,AUTO_VALIDATED,COD removal was 96%,f
defc352b-a9ae-47fb-98ab-553e2d73d04d,,,MFC,Cod Removal,PERFORMANCE,Organic Removal,%,96,,,1.000,AUTO_VALIDATED,COD removal was 96%,f
4af8c1af-f557-4807-8dc3-e0573276f2d1,,,MFC,Cod Removal,PERFORMANCE,Organic Removal,%,96,,,1.000,AUTO_VALIDATED,COD removal was 96%,f
432c2c95-b4b4-4e55-884d-b605d03430e3,,,MES,Cod Removal,PERFORMANCE,Organic Removal,%,95,,,1.000,AUTO_VALIDATED,COD removal was 95%,f
d0527edb-2235-40ef-92d5-36e369ae778a,,,MES,Cod Removal,PERFORMANCE,Organic Removal,%,95,,,1.000,AUTO_VALIDATED,COD removal was 95%,f
9a09c41b-32a0-4539-aed9-78bc8d0d75f1,,,MFC,Cod Removal,PERFORMANCE,Organic Removal,%,96,,,1.000,AUTO_VALIDATED,COD removal was 96%,f
c3566395-48b8-4a65-ab30-71a4ddc1140e,,,MFC,Cod Removal,PERFORMANCE,Organic Removal,%,96,,,1.000,AUTO_VALIDATED,COD removal was 96%,f
5536dd82-0850-4318-b0c3-40b3ad1c51b2,,,MFC,Cod Removal,PERFORMANCE,Organic Removal,%,96,,,1.000,AUTO_VALIDATED,COD removal was 96%,f
8f2bf70f-1d43-4b67-ac46-736e043b76a5,,,MFC,Cod Removal,PERFORMANCE,Organic Removal,%,96,,,1.000,AUTO_VALIDATED,COD removal was 96%,f
c602942e-ea8f-471d-a8f0-8ae9969630f3,,,MFC,Cod Removal,PERFORMANCE,Organic Removal,%,96,,,1.000,AUTO_VALIDATED,COD removal was 96%,f
4868e1ce-f866-4aa5-9098-0fceb4b62187,,,MFC,Cod Removal,PERFORMANCE,Organic Removal,%,96,,,1.000,AUTO_VALIDATED,COD removal was 96%,f
b101757d-5f01-4a35-9d2e-1696904e7330,,,MFC,Cod Removal,PERFORMANCE,Organic Removal,%,96,,,1.000,AUTO_VALIDATED,COD removal was 96%,f
31377673-1305-45b2-a839-dec88943c00c,,,MFC,Cod Removal,PERFORMANCE,Organic Removal,%,96,,,1.000,AUTO_VALIDATED,COD removal was 96%,f
e782692d-8245-4423-86f9-7604043a13b3,,,MES,Cod Removal,PERFORMANCE,Organic Removal,%,95,,,1.000,AUTO_VALIDATED,COD removal was 95%,f
105a33ad-db70-4ccb-9a15-890160719d54,,,MFC,Cod Removal,PERFORMANCE,Organic Removal,%,96,,,1.000,AUTO_VALIDATED,COD removal was 96%,f
072dc16c-2871-4be0-9e70-62ef8274b2f8,,,MFC,Cod Removal,PERFORMANCE,Organic Removal,%,96,,,1.000,AUTO_VALIDATED,COD removal was 96%,f
a707b0d4-693c-4fc6-b9e1-e9147bff9441,,,MES,Open Circuit Voltage,PERFORMANCE,Current & Voltage Metrics,V,64.2,,,0.900,AUTO_VALIDATED,Table: Table 2,f
b0ad8321-8e4c-4e37-bcfc-f477c514a5a8,,,MES,Open Circuit Voltage,PERFORMANCE,Current & Voltage Metrics,V,64.2,,,0.900,AUTO_VALIDATED,Table: Table 2,f
2e5df0ca-96c4-4b59-88b1-9be1de51e604,,,MES,Open Circuit Voltage,PERFORMANCE,Current & Voltage Metrics,V,64.2,,,0.900,AUTO_VALIDATED,Table: Table 2,f
88eae5f1-4500-4810-b56d-fe50f79d4c1d,,,MES,Open Circuit Voltage,PERFORMANCE,Current & Voltage Metrics,V,64.2,,,0.900,AUTO_VALIDATED,Table: Table 2,f
c608647b-39c1-429e-9b29-85248a7a0c35,,,MES,Open Circuit Voltage,PERFORMANCE,Current & Voltage Metrics,V,64.2,,,0.900,AUTO_VALIDATED,Table: Table 2,f
66ddc39b-b6be-469b-a7f3-aabc93894a44,,,MES,Production Rate,PERFORMANCE,Chemical Synthesis,g/L/h,10,,,1.000,AUTO_VALIDATED,production rate is 10 L,f
97cc7e1c-568e-4813-a254-adf99d1249aa,,,MES,Production Rate,PERFORMANCE,Chemical Synthesis,g/L/h,10,,,1.000,AUTO_VALIDATED,production rate is 10 L,f
065929fa-6b10-48f0-b127-eb772788c078,,,MES,Production Rate,PERFORMANCE,Chemical Synthesis,g/L/h,10,,,1.000,AUTO_VALIDATED,production rate is 10 L,f
926532a9-8090-4902-a484-687f1d7a4dd1,,,MES,Production Rate,PERFORMANCE,Chemical Synthesis,g/L/h,10,,,1.000,AUTO_VALIDATED,production rate is 10 L,f
578ecb38-117a-4ced-9813-33691ead2160,,,MES,Production Rate,PERFORMANCE,Chemical Synthesis,g/L/h,10,,,1.000,AUTO_VALIDATED,production rate is 10 L,f
b1240c77-f027-4721-aeb2-b81672527f30,,,MES,Production Rate,PERFORMANCE,Chemical Synthesis,g/L/h,10,,,1.000,AUTO_VALIDATED,production rate is 10 L,f
689be1c2-65a7-4841-ba79-8f2ecd602f7a,,,MES,Production Rate,PERFORMANCE,Chemical Synthesis,g/L/h,10,,,1.000,AUTO_VALIDATED,production rate is 10 L,f
6c1ed00c-3c49-4bc2-b1af-f7f67425d1ea,,,MES,Production Rate,PERFORMANCE,Chemical Synthesis,g/L/h,10,,,1.000,AUTO_VALIDATED,production rate is 10 L,f
983cd33b-c6fe-42b1-a7e5-126a69e438cb,,,MES,Production Rate,PERFORMANCE,Chemical Synthesis,g/L/h,10,,,1.000,AUTO_VALIDATED,production rate is 10 L,f
8d333ef5-d826-4b25-a604-d8cc7c19b60e,,,MES,Production Rate,PERFORMANCE,Chemical Synthesis,g/L/h,10,,,1.000,AUTO_VALIDATED,production rate is 10 L,f
2bee6c52-4be4-43e7-8053-97a5f2a1f1dc,,,MES,Production Rate,PERFORMANCE,Chemical Synthesis,g/L/h,10,,,1.000,AUTO_VALIDATED,production rate is 10 L,f
4d1cd039-0be3-436e-8b3b-53fd5c9ba61e,,,MES,Short Circuit Current,PERFORMANCE,Current & Voltage Metrics,A,5.96,,,0.900,AUTO_VALIDATED,Table: Table 2,f
e77694d4-1f79-40e8-b1ac-062bf21f4840,,,MES,Short Circuit Current,PERFORMANCE,Current & Voltage Metrics,A,5.96,,,0.900,AUTO_VALIDATED,Table: Table 2,f
a4bb5882-e363-4549-9ac0-dbbda2acd534,,,MES,Short Circuit Current,PERFORMANCE,Current & Voltage Metrics,A,5.96,,,0.900,AUTO_VALIDATED,Table: Table 2,f
c918704d-b33e-4ba1-8b67-ce569a08c7c3,,,MES,Short Circuit Current,PERFORMANCE,Current & Voltage Metrics,A,5.96,,,0.900,AUTO_VALIDATED,Table: Table 2,f
a3c44337-425d-4a68-aa6c-f6077541731b,,,MES,Short Circuit Current,PERFORMANCE,Current & Voltage Metrics,A,5.96,,,0.900,AUTO_VALIDATED,Table: Table 2,f
ea8776c5-c3c5-4a6b-8b89-b38e244c6d60,,,MFC,Channel Width,REACTOR_DESIGN,Micro-Scale Test Cells (75mm × 25mm slides),μm,50,,,0.900,AUTO_VALIDATED,Table: 2: Parameters used in the sessile droplet in a free space example,f
73dfe670-a304-43e4-a0d7-f75665472e64,,,MFC,Channel Width,REACTOR_DESIGN,Micro-Scale Test Cells (75mm × 25mm slides),μm,0.8,,,0.900,AUTO_VALIDATED,"Table: In this study, a three-dimensional design of a flat and single-",f
1b6d1d32-ef72-4d65-9116-45d21c21674f,,,MFC,Channel Width,REACTOR_DESIGN,Micro-Scale Test Cells (75mm × 25mm slides),μm,0.8,,,0.900,AUTO_VALIDATED,"Table: In this study, a three-dimensional design of a flat and single-",f
c986bd9e-fc67-4d76-873a-fa72865aaf2e,,,MFC,Channel Width,REACTOR_DESIGN,Micro-Scale Test Cells (75mm × 25mm slides),μm,0.8,,,0.900,AUTO_VALIDATED,"Table: In this study, a three-dimensional design of a flat and single-",f
1d70402f-c4dd-4d12-b9c4-58ef9e8764a1,,,MFC,Channel Width,REACTOR_DESIGN,Micro-Scale Test Cells (75mm × 25mm slides),μm,0.8,,,0.900,AUTO_VALIDATED,"Table: In this study, a three-dimensional design of a flat and single-",f
487602f2-81fc-48b5-a266-ef306377dbcd,,,MFC,Channel Width,REACTOR_DESIGN,Micro-Scale Test Cells (75mm × 25mm slides),μm,0.8,,,0.900,AUTO_VALIDATED,"Table: In this study, a three-dimensional design of a flat and single-",f
fd097d50-dbb7-44b9-b093-293503833955,,,MFC,Channel Width,REACTOR_DESIGN,Micro-Scale Test Cells (75mm × 25mm slides),μm,0.8,,,0.900,AUTO_VALIDATED,"Table: In this study, a three-dimensional design of a flat and single-",f
52fd55a3-3f7e-4f42-8cc0-a9625fd79933,,,MFC,Channel Width,REACTOR_DESIGN,Micro-Scale Test Cells (75mm × 25mm slides),μm,0.8,,,0.900,AUTO_VALIDATED,"Table: In this study, a three-dimensional design of a flat and single-",f
be5f36a5-0aa1-4d35-8b7b-201d7e341490,,,MFC,Channel Width,REACTOR_DESIGN,Micro-Scale Test Cells (75mm × 25mm slides),μm,50,,,0.900,AUTO_VALIDATED,Table: 2: Parameters used in the sessile droplet in a free space example,f
4bf358d2-0716-4411-b4da-c32ed1361ed5,,,MFC,Channel Width,REACTOR_DESIGN,Micro-Scale Test Cells (75mm × 25mm slides),μm,0.8,,,0.900,AUTO_VALIDATED,"Table: In this study, a three-dimensional design of a flat and single-",f
47ebc50d-f333-4241-86a5-c17a0e58ded8,,,MFC,Working Volume,REACTOR_DESIGN,Single Unit Cells,mL,100,,,1.000,AUTO_VALIDATED,working volume is 100 mL,f
912cd396-4e9a-45c4-b7e4-f9783cb4fe15,,,MEC,Working Volume,REACTOR_DESIGN,Single Unit Cells,mL,500,,,1.000,AUTO_VALIDATED,working volume: 500 mL,t
57e2c054-ceaf-4f4c-a70f-ed63c3edd8fb,,,MFC,Working Volume,REACTOR_DESIGN,Single Unit Cells,mL,100,,,1.000,AUTO_VALIDATED,working volume is 100 mL,f
4242f85b-51d3-4549-944c-7f0b865d1d8d,,,MFC,Working Volume,REACTOR_DESIGN,Single Unit Cells,mL,100,,,1.000,AUTO_VALIDATED,working volume is 100 mL,f
c5b054bd-5744-4e8e-895b-38315162189f,,,MFC,Working Volume,REACTOR_DESIGN,Single Unit Cells,mL,100,,,1.000,AUTO_VALIDATED,working volume is 100 mL,f
60e4dc13-817d-4f6d-86ec-9bda07394e7d,,,MFC,Working Volume,REACTOR_DESIGN,Single Unit Cells,mL,100,,,1.000,AUTO_VALIDATED,working volume is 100 mL,f
dd43cf53-c99b-4dab-be8d-3a8e6d34f0b0,,,MFC,Working Volume,REACTOR_DESIGN,Single Unit Cells,mL,100,,,1.000,AUTO_VALIDATED,working volume is 100 mL,f
cb51bc74-20a8-45b9-820a-a8f386583110,,,MFC,Working Volume,REACTOR_DESIGN,Single Unit Cells,mL,100,,,1.000,AUTO_VALIDATED,working volume is 100 mL,f
cf02d841-c17a-4e11-9d2a-86030feccbe5,,,MFC,Working Volume,REACTOR_DESIGN,Single Unit Cells,mL,100,,,1.000,AUTO_VALIDATED,working volume is 100 mL,f
0e040a21-09f1-43d3-82a3-515ccc215de4,,,MFC,Working Volume,REACTOR_DESIGN,Single Unit Cells,mL,100,,,1.000,AUTO_VALIDATED,working volume is 100 mL,f
33754ef0-8a97-4fb5-80f8-24aab30ebc72,,,MEC,Working Volume,REACTOR_DESIGN,Single Unit Cells,mL,500,,,1.000,AUTO_VALIDATED,working volume: 500 mL,f
8f1e2cd6-8fad-4a15-b482-f3ef85a948da,,,MFC,Working Volume,REACTOR_DESIGN,Single Unit Cells,mL,100,,,1.000,AUTO_VALIDATED,working volume is 100 mL,f
720614cb-04e6-4085-9f09-6ea4a68d4f8c,,,MFC,Working Volume,REACTOR_DESIGN,Single Unit Cells,mL,100,,,1.000,AUTO_VALIDATED,working volume is 100 mL,f
cd715cd1-eca3-4480-be76-d74b352a7601,,,MEC,Working Volume,REACTOR_DESIGN,Single Unit Cells,mL,500,,,1.000,AUTO_VALIDATED,working volume: 500 mL,f
beaa5e7c-72f7-495e-9ae9-d364d260661b,,,MEC,Working Volume,REACTOR_DESIGN,Single Unit Cells,mL,500,,,1.000,AUTO_VALIDATED,working volume: 500 mL,t
a279df9d-e132-4386-8b11-318a49fe8369,,,MDC,Detection Limit,APPLICATION_SPECIFIC,Sensor Specifications,μg/L,10,,,1.000,AUTO_VALIDATED,Detection limit : 10 pg,t
39166165-3b59-4676-8c1f-606057f3f672,,,MDC,Detection Limit,APPLICATION_SPECIFIC,Sensor Specifications,μg/L,10,,,1.000,AUTO_VALIDATED,Detection limit : 10 pg,t
a9900225-e696-40dd-9039-087847ebcf6e,,,MDC,Detection Limit,APPLICATION_SPECIFIC,Sensor Specifications,μg/L,10,,,1.000,AUTO_VALIDATED,Detection limit : 10 pg,t
80725f81-a43f-410e-b3de-b552608b9a46,,,MDC,Detection Limit,APPLICATION_SPECIFIC,Sensor Specifications,μg/L,10,,,1.000,AUTO_VALIDATED,Detection limit : 10 pg,t
829dfc09-618e-4af6-a340-e97b50c5a50b,,,MFC,Influent Cod,APPLICATION_SPECIFIC,Influent Characteristics,mg/L,1000,,,1.000,AUTO_VALIDATED,influent COD =  1000 mg/L,t
1fcc39f7-0d25-4b1c-ba31-6f35b40a64c1,,,MFC,Influent Cod,APPLICATION_SPECIFIC,Influent Characteristics,mg/L,1000,,,1.000,AUTO_VALIDATED,influent COD =  1000 mg/L,t
