id,name,description,unit,type,category,subcategory,default,range_min,range_max,range_typical,tags
absolute_humidity,Absolute Humidity,Water vapor content in air,g/m³,number,environmental,humidity-parameters,5,0,50,5,environmental|humidity-parameters
dew_point,Dew Point,Dew point temperature,°C,number,environmental,humidity-parameters,10,-50,50,10,environmental|humidity-parameters
relative_humidity,Relative Humidity,Relative humidity of air,%,number,environmental,humidity-parameters,40,0,100,40,environmental|humidity-parameters
vapor_pressure,Vapor Pressure,Water vapor partial pressure,kPa,number,environmental,humidity-parameters,500,0,10,500,environmental|humidity-parameters
wet_bulb_temperature,Wet Bulb Temperature,Wet bulb temperature,°C,number,environmental,humidity-parameters,5,-20,50,5,environmental|humidity-parameters
absolute_pressure,Absolute Pressure,Total absolute pressure,kPa,number,environmental,pressure-parameters,98,0,1100,98,environmental|pressure-parameters
atmospheric_pressure,Atmospheric Pressure,Ambient atmospheric pressure,kPa,number,environmental,pressure-parameters,95,50,110,95,environmental|pressure-parameters
gauge_pressure,Gauge Pressure,Pressure relative to atmospheric,kPa,number,environmental,pressure-parameters,-100,-100,1000,-100,environmental|pressure-parameters
hydrostatic_pressure,Hydrostatic Pressure,Pressure from liquid column,bar,number,environmental,pressure-parameters,0,0,1000,0,environmental|pressure-parameters
partial_pressure_ch4,Partial Pressure CH4,Methane partial pressure,kPa,number,environmental,pressure-parameters,0.1,0,100,0.1,environmental|pressure-parameters
partial_pressure_co2,Partial Pressure CO2,Carbon dioxide partial pressure,kPa,number,environmental,pressure-parameters,1,0,100,1,environmental|pressure-parameters
partial_pressure_h2,Partial Pressure H2,Hydrogen partial pressure,kPa,number,environmental,pressure-parameters,10,0,100,10,environmental|pressure-parameters
partial_pressure_n2,Partial Pressure N2,Nitrogen partial pressure,kPa,number,environmental,pressure-parameters,0,0,100,0,environmental|pressure-parameters
partial_pressure_o2,Partial Pressure O2,Oxygen partial pressure,kPa,number,environmental,pressure-parameters,0,0,100,0,environmental|pressure-parameters
air_flow_rate,Air Flow Rate,Ventilation air flow rate around system,m³/h,number,environmental,general,,,,,environmental|general
ambient_co₂_concentration,Ambient CO₂ Concentration,Carbon dioxide concentration in air,ppm,number,environmental,general,,,,,environmental|general
light_intensity,Light Intensity,Illumination intensity for photosynthetic processes,μmol/m²·s,number,environmental,general,,,,,environmental|general
light_wavelength,Light Wavelength,Dominant wavelength of illumination,nm,number,environmental,general,,,,,environmental|general
ph,pH,pH level of the medium,-,number,environmental,general,,,,,environmental|general
photoperiod,Photoperiod,Duration of light exposure per day,hours,number,environmental,general,,,,,environmental|general
thermal_conductivity,Thermal Conductivity,Heat transfer coefficient of reactor materials,W/m·K,number,environmental,general,,,,,environmental|general
ambient_temperature,Ambient Temperature,Ambient air temperature,°C,number,environmental,temperature-parameters,-50,-50,60,-50,environmental|temperature-parameters
diurnal_temperature_range,Diurnal Temperature Range,Day-night temperature difference,°C,number,environmental,temperature-parameters,0,0,30,0,environmental|temperature-parameters
operating_temperature,Operating Temperature,Cell/reactor operating temperature,°C,number,environmental,temperature-parameters,20,4,80,20,environmental|temperature-parameters
temperature_fluctuation,Temperature Fluctuation,Temporal temperature variation,°C,number,environmental,temperature-parameters,0.5,0,20,0.5,environmental|temperature-parameters
temperature_gradient,Temperature Gradient,Spatial temperature variation,°C/cm,number,environmental,temperature-parameters,0.1,0,10,0.1,environmental|temperature-parameters
temperature_ramp_rate,Temperature Ramp Rate,Rate of temperature change,°C/min,number,environmental,temperature-parameters,0.5,0.1,10,0.5,environmental|temperature-parameters
blue_light_ratio,Blue Light Ratio,Blue light (400-500 nm) percentage,%,number,environmental,light-spectrum,20,0,100,20,environmental|light-spectrum
far_red_light_ratio,Far Red Light Ratio,Far-red light (700-800 nm) percentage,%,number,environmental,light-spectrum,0.01,0,100,0.01,environmental|light-spectrum
green_light_ratio,Green Light Ratio,Green light (500-600 nm) percentage,%,number,environmental,light-spectrum,0.15,0,100,0.15,environmental|light-spectrum
infrared_intensity,Infrared Intensity,IR radiation (>800 nm),W/m²,number,environmental,light-spectrum,0,0,1000,0,environmental|light-spectrum
red_light_ratio,Red Light Ratio,Red light (600-700 nm) percentage,%,number,environmental,light-spectrum,0.25,0,100,0.25,environmental|light-spectrum
uv_a_intensity,Uv A Intensity,UV-A (315-400 nm) intensity,W/m²,number,environmental,light-spectrum,0.1,0,100,0.1,environmental|light-spectrum
uv_b_intensity,Uv B Intensity,UV-B (280-315 nm) intensity,W/m²,number,environmental,light-spectrum,0,0,10,0,environmental|light-spectrum
uv_c_intensity,Uv C Intensity,UV-C (100-280 nm) intensity,W/m²,number,environmental,light-spectrum,0.1,0,5,0.1,environmental|light-spectrum
carbon_dioxide_concentration,Carbon Dioxide Concentration,CO₂ concentration,ppm,number,environmental,gas-composition,400,0,50000,400,environmental|gas-composition
nitrogen_concentration,Nitrogen Concentration,N₂ concentration,%,number,environmental,gas-composition,10,0,100,10,environmental|gas-composition
oxygen_concentration,Oxygen Concentration,O₂ concentration in gas phase,%,number,environmental,gas-composition,0,0,100,0,environmental|gas-composition
trace_gas_h2s,Trace Gas H2S,Hydrogen sulfide concentration,ppm,number,environmental,gas-composition,1,0,1000,1,environmental|gas-composition
trace_gas_nh3,Trace Gas NH3,Ammonia concentration,ppm,number,environmental,gas-composition,0.1,0,1000,0.1,environmental|gas-composition
trace_gas_voc,Trace Gas VOC,Volatile organic compounds,ppm,number,environmental,gas-composition,1,0,1000,1,environmental|gas-composition
centrifugal_acceleration,Centrifugal Acceleration,Centrifugal force,g,number,environmental,gravity--acceleration,1,0,1000,1,environmental|gravity--acceleration
gravitational_acceleration,Gravitational Acceleration,Gravitational acceleration,g,number,environmental,gravity--acceleration,9.78,0,10,9.78,environmental|gravity--acceleration
microgravity_level,Microgravity Level,Microgravity conditions,μg,number,environmental,gravity--acceleration,0,0,1000,0,environmental|gravity--acceleration
dark_duration,Dark Duration,Hours of darkness per day,h,number,environmental,photoperiod,8,0,24,8,environmental|photoperiod
dawn_duration,Dawn Duration,Sunrise simulation duration,min,number,environmental,photoperiod,20,0,120,20,environmental|photoperiod
dusk_duration,Dusk Duration,Sunset simulation duration,min,number,environmental,photoperiod,20,0,120,20,environmental|photoperiod
light_cycle_type,Light Cycle Type,Type of light cycle,-,select,environmental,photoperiod,,,,,environmental|photoperiod
light_duration,Light Duration,Hours of light per day,h,number,environmental,photoperiod,8,0,24,8,environmental|photoperiod
electric_field_strength,Electric Field Strength,Electric field strength,V/m,number,environmental,electromagnetic-fields,10,0,10000,10,environmental|electromagnetic-fields
electromagnetic_frequency,Electromagnetic Frequency,EM radiation frequency,MHz,number,environmental,electromagnetic-fields,0,0,3000,0,environmental|electromagnetic-fields
electromagnetic_power,Electromagnetic Power,EM power density,W/m²,number,environmental,electromagnetic-fields,0,0,1000,0,environmental|electromagnetic-fields
magnetic_field_frequency,Magnetic Field Frequency,AC magnetic field frequency,Hz,number,environmental,electromagnetic-fields,0.1,0,1000,0.1,environmental|electromagnetic-fields
magnetic_field_strength,Magnetic Field Strength,Magnetic field strength,mT,number,environmental,electromagnetic-fields,5,0,1000,5,environmental|electromagnetic-fields
light_intensity_lux,Light Intensity Lux,Illuminance in lux,lux,number,environmental,light-intensity,1,0,100000,1,environmental|light-intensity
photon_flux_density,Photon Flux Density,Photon flux density,μmol/m²/s,number,environmental,light-intensity,20,0,3000,20,environmental|light-intensity
photosynthetic_active_radiation,Photosynthetic Active Radiation,PAR for photosynthetic organisms,μmol/m²/s,number,environmental,light-intensity,20,0,2000,20,environmental|light-intensity
total_solar_irradiance,Total Solar Irradiance,Total solar radiation,W/m²,number,environmental,light-intensity,0,0,1400,0,environmental|light-intensity
mechanical_shock,Mechanical Shock,Mechanical shock magnitude,g,number,environmental,vibration--mechanical,1,0,100,1,environmental|vibration--mechanical
shear_stress,Shear Stress,Fluid shear stress,Pa,number,environmental,vibration--mechanical,0.001,0,1000,0.001,environmental|vibration--mechanical
vibration_acceleration,Vibration Acceleration,Vibration acceleration,g,number,environmental,vibration--mechanical,0.001,0,10,0.001,environmental|vibration--mechanical
vibration_amplitude,Vibration Amplitude,Vibration amplitude,mm,number,environmental,vibration--mechanical,0.1,0,10,0.1,environmental|vibration--mechanical
vibration_frequency,Vibration Frequency,Vibration frequency,Hz,number,environmental,vibration--mechanical,1,0,1000,1,environmental|vibration--mechanical
sound_frequency,Sound Frequency,Audible sound frequency,Hz,number,environmental,sound--ultrasound,20,20,20000,20,environmental|sound--ultrasound
sound_intensity,Sound Intensity,Sound pressure level,dB,number,environmental,sound--ultrasound,0.001,0,140,0.001,environmental|sound--ultrasound
ultrasound_duration,Ultrasound Duration,Ultrasound exposure time,min,number,environmental,sound--ultrasound,1,0,60,1,environmental|sound--ultrasound
ultrasound_frequency,Ultrasound Frequency,Ultrasonic frequency,kHz,number,environmental,sound--ultrasound,20,20,1000,20,environmental|sound--ultrasound
ultrasound_power,Ultrasound Power,Ultrasonic power density,W/cm²,number,environmental,sound--ultrasound,0.1,0,10,0.1,environmental|sound--ultrasound
atp_concentration,ATP Concentration,Intracellular ATP concentration,μM,number,biological,general,,,,,biological|general
biofilm_adhesion_strength,Biofilm Adhesion Strength,Force required to detach biofilm from electrode,N/m²,number,biological,general,,,,,biological|general
biofilmthickness,biofilmThickness,Biofilm thickness,μm,number,biological,general,,,,,biological|general
bod_concentration,BOD Concentration,Biological oxygen demand of substrate,mg/L,number,biological,general,,,,,biological|general
cn_ratio,C/N Ratio,Carbon to nitrogen ratio in substrate,-,number,biological,general,,,,,biological|general
cell_doubling_time,Cell Doubling Time,Time required for cell population to double,hours,number,biological,general,,,,,biological|general
cellular_respiration_rate,Cellular Respiration Rate,Rate of cellular respiration,mg O₂/L·h,number,biological,general,,,,,biological|general
cod_concentration,COD Concentration,Chemical oxygen demand of the substrate,mg/L,number,biological,general,,,,,biological|general
dominant_species_fraction,Dominant Species Fraction,Fraction of dominant microbial species,%,number,biological,general,,,,,biological|general
enzyme_activity,Enzyme Activity,Activity of key metabolic enzymes,U/mg protein,number,biological,general,,,,,biological|general
inoculum_concentration,Inoculum Concentration,Initial microbial concentration for startup,cells/mL,number,biological,general,,,,,biological|general
inoculumsource,inoculumSource,Source of inoculum for microbial culture,-,string,biological,general,,,,,biological|general
metabolic_rate,Metabolic Rate,Overall metabolic activity of microorganisms,μmol O₂/mg·h,number,biological,general,,,,,biological|general
microbial_diversity_index,Microbial Diversity Index,Shannon diversity index of microbial community,-,number,biological,general,,,,,biological|general
microbial_growth_rate,Microbial Growth Rate,Specific growth rate of microorganisms,h⁻¹,number,biological,general,,,,,biological|general
substrate,substrate,Substrate type used in the experiment,-,string,biological,general,,,,,biological|general
substrate_concentration,Substrate Concentration,Concentration of organic substrate in the feed,mg/L,number,biological,general,,,,,biological|general
substrate_loading_rate,Substrate Loading Rate,Rate of substrate addition to reactor,kg COD/m³·d,number,biological,general,,,,,biological|general
substrate_utilization_rate,Substrate Utilization Rate,Rate of substrate consumption by microbes,mg/L·h,number,biological,general,,,,,biological|general
substrateremovalrate,substrateRemovalRate,Substrate removal rate,%,number,biological,general,,,,,biological|general
biofilm_conductivity,Biofilm Conductivity,Electrical conductivity,S/m,number,biological,biofilm-activity,0.001,0.001,1,0.001,biological|biofilm-activity
electron_transfer_rate,Electron Transfer Rate,Direct electron transfer rate,A/m²,number,biological,biofilm-activity,2,0,50,2,biological|biofilm-activity
mediator_concentration,Mediator Concentration,Electron mediator concentration,mM,number,biological,biofilm-activity,2,0,10,2,biological|biofilm-activity
metabolic_activity,Metabolic Activity,Active biomass fraction,%,number,biological,biofilm-activity,65,0,100,65,biological|biofilm-activity
biofilm_coverage,Biofilm Coverage,Electrode surface coverage,%,number,biological,biofilm-structure,0,0,100,0,biological|biofilm-structure
biofilm_density,Biofilm Density,Biofilm dry density,g/L,number,biological,biofilm-structure,10,10,200,10,biological|biofilm-structure
biofilm_porosity,Biofilm Porosity,Void fraction in biofilm,%,number,biological,biofilm-structure,40,50,95,40,biological|biofilm-structure
biofilm_roughness,Biofilm Roughness,Surface roughness,μm,number,biological,biofilm-structure,2,0,100,2,biological|biofilm-structure
biofilm_thickness,Biofilm Thickness,Average biofilm thickness,μm,number,biological,biofilm-structure,10,1,1000,10,biological|biofilm-structure
chlamydomonas_reinhardtii,Chlamydomonas Reinhardtii,Model green alga,-,object,biological,algae---photosynthetic-organisms,,,,,biological|algae---photosynthetic-organisms
chlorella_vulgaris,Chlorella Vulgaris,Green microalga,-,object,biological,algae---photosynthetic-organisms,,,,,biological|algae---photosynthetic-organisms
dunaliella_salina,Dunaliella Salina,Halophilic alga,-,object,biological,algae---photosynthetic-organisms,,,,,biological|algae---photosynthetic-organisms
scenedesmus_obliquus,Scenedesmus Obliquus,Robust green alga,-,object,biological,algae---photosynthetic-organisms,,,,,biological|algae---photosynthetic-organisms
spirulina_platensis,Spirulina Platensis,Cyanobacterium,-,object,biological,algae---photosynthetic-organisms,,,,,biological|algae---photosynthetic-organisms
clostridium_butyricum,Clostridium Butyricum,Fermentative bacterium,-,object,biological,bacteria---electroactive-species,,,,,biological|bacteria---electroactive-species
desulfovibrio_desulfuricans,Desulfovibrio Desulfuricans,Sulfate-reducing bacterium,-,object,biological,bacteria---electroactive-species,,,,,biological|bacteria---electroactive-species
enterobacter_aerogenes,Enterobacter Aerogenes,H₂ producer,-,object,biological,bacteria---electroactive-species,,,,,biological|bacteria---electroactive-species
geobacter_sulfurreducens,Geobacter Sulfurreducens,Metal-reducing bacterium,-,object,biological,bacteria---electroactive-species,,,,,biological|bacteria---electroactive-species
klebsiella_pneumoniae,Klebsiella Pneumoniae,Facultative anaerobe,-,object,biological,bacteria---electroactive-species,,,,,biological|bacteria---electroactive-species
ochrobactrum_anthropi,Ochrobactrum Anthropi,Heavy metal tolerant,-,object,biological,bacteria---electroactive-species,,,,,biological|bacteria---electroactive-species
pseudomonas_aeruginosa,Pseudomonas Aeruginosa,Biofilm-forming bacterium,-,object,biological,bacteria---electroactive-species,,,,,biological|bacteria---electroactive-species
rhodoferax_ferrireducens,Rhodoferax Ferrireducens,Psychrotolerant electroactive,-,object,biological,bacteria---electroactive-species,,,,,biological|bacteria---electroactive-species
shewanella_oneidensis,Shewanella Oneidensis,Versatile electroactive bacterium,-,object,biological,bacteria---electroactive-species,,,,,biological|bacteria---electroactive-species
decay_rate,Decay Rate,Endogenous decay,1/h,number,biological,growth-kinetics,0.001,0.001,0.1,0.001,biological|growth-kinetics
half_saturation_constant,Half Saturation Constant,Ks for substrate,g/L,number,biological,growth-kinetics,2,0.001,10,2,biological|growth-kinetics
maintenance_coefficient,Maintenance Coefficient,Maintenance energy,1/h,number,biological,growth-kinetics,2,0.001,0.1,2,biological|growth-kinetics
maximum_growth_rate,Maximum Growth Rate,μmax,1/h,number,biological,growth-kinetics,0.01,0.01,2,0.01,biological|growth-kinetics
yield_coefficient,Yield Coefficient,Biomass yield,g/g,number,biological,growth-kinetics,0.5,0.1,0.8,0.5,biological|growth-kinetics
e_coli_engineered,E Coli Engineered,Engineered E. coli strains,-,object,biological,engineered-strains,,,,,biological|engineered-strains
synthetic_consortium,Synthetic Consortium,Designed microbial community,-,object,biological,engineered-strains,,,,,biological|engineered-strains
inhibition_constant,Inhibition Constant,Substrate inhibition,g/L,number,biological,substrate-utilization,1,0.1,100,1,biological|substrate-utilization
substrate_affinity,Substrate Affinity,Substrate affinity,L/g/h,number,biological,substrate-utilization,3,0.1,100,3,biological|substrate-utilization
substrate_uptake_rate,Substrate Uptake Rate,Specific uptake rate,g/g/h,number,biological,substrate-utilization,0.25,0.01,10,0.25,biological|substrate-utilization
methanobacterium_formicicum,Methanobacterium Formicicum,Formate-utilizing methanogen,-,object,biological,archaea---methanogens,,,,,biological|archaea---methanogens
methanobrevibacter_smithii,Methanobrevibacter Smithii,Hydrogenotrophic methanogen,-,object,biological,archaea---methanogens,,,,,biological|archaea---methanogens
methanococcus_maripaludis,Methanococcus Maripaludis,Marine methanogen,-,object,biological,archaea---methanogens,,,,,biological|archaea---methanogens
methanosarcina_acetivorans,Methanosarcina Acetivorans,Acetoclastic methanogen,-,object,biological,archaea---methanogens,,,,,biological|archaea---methanogens
rhodobacter_sphaeroides,Rhodobacter Sphaeroides,Purple non-sulfur bacterium,-,object,biological,photosynthetic-bacteria,,,,,biological|photosynthetic-bacteria
rhodopseudomonas_palustris,Rhodopseudomonas Palustris,Metabolically versatile,-,object,biological,photosynthetic-bacteria,,,,,biological|photosynthetic-bacteria
avgpowerdensity,avgPowerDensity,Average power density,mW/m²,number,electrochemical,general,,,,,electrochemical|general
coulombicefficiency,coulombicEfficiency,Coulombic efficiency percentage,%,number,electrochemical,general,,,,,electrochemical|general
currentdensity,currentDensity,Current density measurement,mA/m²,number,electrochemical,general,,,,,electrochemical|general
energyrecoveryefficiency,energyRecoveryEfficiency,Energy recovery efficiency,%,number,electrochemical,general,,,,,electrochemical|general
internalresistance,internalResistance,Internal resistance,Ω,number,electrochemical,general,,,,,electrochemical|general
maxpowerdensity,maxPowerDensity,Maximum power density achieved,mW/m²,number,electrochemical,general,,,,,electrochemical|general
powerdensity,powerDensity,Power density measurement,mW/m²,number,electrochemical,general,,,,,electrochemical|general
scanrate,scanRate,Scan rate for voltammetry,mV/s,number,electrochemical,general,,,,,electrochemical|general
voltage,voltage,Voltage measurement or setting,V,number,electrochemical,general,,,,,electrochemical|general
voltammetrytype,voltammetryType,Type of voltammetry used,-,string,electrochemical,general,,,,,electrochemical|general
activated_carbon,Activated Carbon,High surface area carbon,-,object,materials,carbon-based-anodes,,,,,materials|carbon-based-anodes
carbon_cloth,Carbon Cloth,Woven carbon fabric,-,object,materials,carbon-based-anodes,,,,,materials|carbon-based-anodes
carbon_felt,Carbon Felt,Non-woven carbon material,-,object,materials,carbon-based-anodes,,,,,materials|carbon-based-anodes
carbon_paper,Carbon Paper,Thin carbon sheet,-,object,materials,carbon-based-anodes,,,,,materials|carbon-based-anodes
graphite_brush,Graphite Brush,Graphite fiber brush,-,object,materials,carbon-based-anodes,,,,,materials|carbon-based-anodes
ammonia_treatment,Ammonia Treatment,NH₃ plasma treatment,-,object,materials,anode-modifications,,,,,materials|anode-modifications
polymer_coating,Polymer Coating,Conductive polymer,-,object,materials,anode-modifications,,,,,materials|anode-modifications
anion_exchange_membrane,Anion Exchange Membrane,AEM properties,-,object,materials,ion-exchange-membranes,,,,,materials|ion-exchange-membranes
bipolar_membrane,Bipolar Membrane,BPM properties,-,object,materials,ion-exchange-membranes,,,,,materials|ion-exchange-membranes
proton_exchange_membrane,Proton Exchange Membrane,PEM properties,-,object,materials,ion-exchange-membranes,,,,,materials|ion-exchange-membranes
anodearea,anodeArea,Anode surface area,cm²,number,materials,general,,,,,materials|general
anodematerial,anodeMaterial,Anode material,-,string,materials,general,,,,,materials|general
average_pore_size,Average Pore Size,Mean pore diameter in electrode material,μm,number,materials,general,,,,,materials|general
buffer_concentration,Buffer Concentration,Concentration of pH buffer in solution,mM,number,materials,general,,,,,materials|general
calcium_ion_concentration,Calcium Ion Concentration,Concentration of Ca²⁺ ions in solution,mM,number,materials,general,,,,,materials|general
catalyst_loading,Catalyst Loading,Amount of catalyst per unit electrode area,mg/cm²,number,materials,general,,,,,materials|general
cathodematerial,cathodeMaterial,Cathode material,-,string,materials,general,,,,,materials|general
cell_voltage,Cell Voltage,Operating voltage of the fuel cell,V,number,materials,general,,,,,materials|general
chamberconfiguration,chamberConfiguration,Chamber configuration,-,string,materials,general,,,,,materials|general
chambertype,chamberType,Type of reactor chamber,-,string,materials,general,,,,,materials|general
charge_transfer_resistance,Charge Transfer Resistance,Resistance to electron transfer at electrode interface,Ω·cm²,number,materials,general,,,,,materials|general
chemical_stability,Chemical Stability,Stability of electrolyte composition over time,days,number,materials,general,,,,,materials|general
chloride_ion_concentration,Chloride Ion Concentration,Concentration of Cl- ions in solution,mM,number,materials,general,,,,,materials|general
corrosivity_index,Corrosivity Index,Corrosive potential of electrolyte,-,number,materials,general,,,,,materials|general
current_density,Current Density,Current per unit electrode area,mA/cm²,number,materials,general,,,,,materials|general
current_monitoring_interval,Current Monitoring Interval,Frequency of current measurements,seconds,number,materials,general,,,,,materials|general
data_backup_frequency,Data Backup Frequency,How often data is backed up,hours,number,materials,general,,,,,materials|general
data_storage_capacity,Data Storage Capacity,Amount of data that can be stored,MB,number,materials,general,,,,,materials|general
design,design,Reactor design type,-,string,materials,general,,,,,materials|general
diffusion_resistance,Diffusion Resistance,Mass transport resistance in biofilm,Ω·cm²,number,materials,general,,,,,materials|general
dissolved_oxygen,Dissolved Oxygen,Concentration of dissolved oxygen in electrolyte,mg/L,number,materials,general,,,,,materials|general
double_layer_capacitance,Double Layer Capacitance,Electrochemical double layer capacitance,μF/cm²,number,materials,general,,,,,materials|general
dynamic_viscosity,Dynamic Viscosity,Viscosity of the electrolyte solution,cP,number,materials,general,,,,,materials|general
electrode_diameter,Electrode Diameter,Diameter for cylindrical electrodes,cm,number,materials,general,,,,,materials|general
electrode_porosity,Electrode Porosity,Void fraction in electrode material,%,number,materials,general,,,,,materials|general
electrode_spacing,Electrode Spacing,Distance between anode and cathode,cm,number,materials,general,,,,,materials|general
electrode_surface_area,Electrode Surface Area,Total surface area of the electrode,cm²,number,materials,general,,,,,materials|general
electrode_surface_roughness,Electrode Surface Roughness,Surface roughness factor of electrode material,-,number,materials,general,,,,,materials|general
electrode_thickness,Electrode Thickness,Thickness of the electrode material,mm,number,materials,general,,,,,materials|general
electrodearea,electrodeArea,Electrode surface area,cm²,number,materials,general,,,,,materials|general
electrolyte_conductivity,Electrolyte Conductivity,Electrical conductivity of the electrolyte,mS/cm,number,materials,general,,,,,materials|general
energy_density,Energy Density,Energy storage capacity per unit volume,Wh/L,number,materials,general,,,,,materials|general
exchange_current_density,Exchange Current Density,Current density at equilibrium potential,A/cm²,number,materials,general,,,,,materials|general
faradaic_efficiency,Faradaic Efficiency,Efficiency of electrochemical reactions,%,number,materials,general,,,,,materials|general
gas_detection_threshold,Gas Detection Threshold,Concentration threshold for gas detection,ppm,number,materials,general,,,,,materials|general
heat_transfer_coefficient,Heat Transfer Coefficient,Overall heat transfer coefficient,W/m²·K,number,materials,general,,,,,materials|general
impedance_magnitude,Impedance Magnitude,Total impedance magnitude at 1 Hz,Ω,number,materials,general,,,,,materials|general
internal_resistance,Internal Resistance,Internal resistance of the fuel cell,Ω,number,materials,general,,,,,materials|general
ionic_strength,Ionic Strength,Total ionic strength of electrolyte,M,number,materials,general,,,,,materials|general
limiting_current,Limiting Current,Maximum current limited by mass transport,mA/cm²,number,materials,general,,,,,materials|general
magnesium_ion_concentration,Magnesium Ion Concentration,Concentration of Mg²⁺ ions in solution,mM,number,materials,general,,,,,materials|general
material_electrical_conductivity,Material Electrical Conductivity,Electrical conductivity of electrode material,S/m,number,materials,general,,,,,materials|general
maximum_operating_pressure,Maximum Operating Pressure,Safety limit for operating pressure,bar,number,materials,general,,,,,materials|general
maximum_operating_temperature,Maximum Operating Temperature,Safety limit for operating temperature,°C,number,materials,general,,,,,materials|general
maximum_power_density,Maximum Power Density,Peak power density achievable by the system,mW/cm²,number,materials,general,,,,,materials|general
membrane_ion_selectivity,Membrane Ion Selectivity,Selectivity for target ions,-,number,materials,general,,,,,materials|general
membrane_pore_size,Membrane Pore Size,Average pore diameter in membrane,nm,number,materials,general,,,,,materials|general
membrane_proton_conductivity,Membrane Proton Conductivity,Proton conductivity of membrane material,S/cm,number,materials,general,,,,,materials|general
membrane_thickness,Membrane Thickness,Thickness of the separator membrane,μm,number,materials,general,,,,,materials|general
membrane_water_uptake,Membrane Water Uptake,Water absorption capacity of membrane,%,number,materials,general,,,,,materials|general
membranematerial,membraneMaterial,Membrane material,-,string,materials,general,,,,,materials|general
modifications,modifications,Electrode modifications,-,string,materials,general,,,,,materials|general
ohmic_resistance,Ohmic Resistance,Resistance due to electrolyte and electrode materials,Ω·cm²,number,materials,general,,,,,materials|general
overpotential,Overpotential,Voltage loss due to kinetic limitations,mV,number,materials,general,,,,,materials|general
oxidation-reduction_potential,Oxidation-Reduction Potential,ORP of the electrolyte solution,mV vs SHE,number,materials,general,,,,,materials|general
peak_current,Peak Current,Maximum current output of the system,mA,number,materials,general,,,,,materials|general
ph_level,pH Level,pH of the electrolyte solution,-,number,materials,general,,,,,materials|general
ph_monitoring_interval,pH Monitoring Interval,Frequency of pH measurements,minutes,number,materials,general,,,,,materials|general
phosphate_ion_concentration,Phosphate Ion Concentration,Concentration of PO4³⁻ ions in solution,mM,number,materials,general,,,,,materials|general
potassium_ion_concentration,Potassium Ion Concentration,Concentration of K+ ions in solution,mM,number,materials,general,,,,,materials|general
power_density,Power Density,Power output per unit volume or area,mW/cm²,number,materials,general,,,,,materials|general
power_efficiency,Power Efficiency,Electrical power output efficiency,%,number,materials,general,,,,,materials|general
reactor_height,Reactor Height,Internal height dimension of reactor,cm,number,materials,general,,,,,materials|general
reactor_length,Reactor Length,Internal length dimension of reactor,cm,number,materials,general,,,,,materials|general
reactor_volume,Reactor Volume,Total internal volume of the reactor,mL,number,materials,general,,,,,materials|general
reactor_width,Reactor Width,Internal width dimension of reactor,cm,number,materials,general,,,,,materials|general
reactortype,reactorType,Reactor type/configuration,-,string,materials,general,,,,,materials|general
reactorvolume,reactorVolume,Reactor volume,mL,number,materials,general,,,,,materials|general
redox_potential,Redox Potential,Standard reduction potential of electrode reactions,V vs SHE,number,materials,general,,,,,materials|general
salt_concentration,Salt Concentration,Ionic strength of the electrolyte,g/L,number,materials,general,,,,,materials|general
sodium_ion_concentration,Sodium Ion Concentration,Concentration of Na+ ions in solution,mM,number,materials,general,,,,,materials|general
spacing,spacing,Electrode spacing,cm,number,materials,general,,,,,materials|general
specific_surface_area,Specific Surface Area,Surface area per unit mass of electrode,m²/g,number,materials,general,,,,,materials|general
structural_integrity_factor,Structural Integrity Factor,Mechanical stability rating,-,number,materials,general,,,,,materials|general
sulfate_ion_concentration,Sulfate Ion Concentration,Concentration of SO4²⁻ ions in solution,mM,number,materials,general,,,,,materials|general
surface_area_to_volume_ratio,Surface Area to Volume Ratio,Ratio of reactor surface area to volume,cm⁻¹,number,materials,general,,,,,materials|general
surface_energy,Surface Energy,Surface energy of electrode material,mJ/m²,number,materials,general,,,,,materials|general
surface_tension,Surface Tension,Surface tension of electrolyte solution,mN/m,number,materials,general,,,,,materials|general
tafel_slope,Tafel Slope,Slope of Tafel plot for electrode kinetics,mV/decade,number,materials,general,,,,,materials|general
temperature_alarm_threshold,Temperature Alarm Threshold,Temperature that triggers alarm,°C,number,materials,general,,,,,materials|general
temperature_monitoring_interval,Temperature Monitoring Interval,Frequency of temperature measurements,seconds,number,materials,general,,,,,materials|general
thermal_insulation_factor,Thermal Insulation Factor,Heat retention capability,-,number,materials,general,,,,,materials|general
thermal_mass,Thermal Mass,Heat capacity of reactor system,J/K,number,materials,general,,,,,materials|general
total_dissolved_solids,Total Dissolved Solids,Total concentration of dissolved substances,mg/L,number,materials,general,,,,,materials|general
total_system_weight,Total System Weight,Total weight of reactor system,kg,number,materials,general,,,,,materials|general
voltage_alarm_threshold,Voltage Alarm Threshold,Voltage level that triggers alarm,V,number,materials,general,,,,,materials|general
voltage_monitoring_interval,Voltage Monitoring Interval,Frequency of voltage measurements,seconds,number,materials,general,,,,,materials|general
voltage_stability,Voltage Stability,Standard deviation of voltage over time,mV,number,materials,general,,,,,materials|general
volume,volume,Reactor volume,mL,number,materials,general,,,,,materials|general
water_contact_angle,Water Contact Angle,Hydrophobicity of electrode surface,degrees,number,materials,general,,,,,materials|general
carbon_nanotubes,Carbon Nanotubes,CNT materials,-,object,materials,advanced-carbon-materials,,,,,materials|advanced-carbon-materials
graphene_oxide,Graphene Oxide,GO sheets,-,object,materials,advanced-carbon-materials,,,,,materials|advanced-carbon-materials
catalyst_layer,Catalyst Layer,Catalyst layer,-,object,materials,air-cathodes,,,,,materials|air-cathodes
gas_diffusion_layer,Gas Diffusion Layer,GDL properties,-,object,materials,air-cathodes,,,,,materials|air-cathodes
ceramic_separator,Ceramic Separator,Ceramic membrane,-,object,materials,porous-separators,,,,,materials|porous-separators
polymer_separator,Polymer Separator,Polymer membrane,-,object,materials,porous-separators,,,,,materials|porous-separators
cobalt_oxide,Cobalt Oxide,Co-based catalyst,-,object,materials,metal-oxide-cathodes,,,,,materials|metal-oxide-cathodes
iron_oxide,Iron Oxide,Fe-based catalyst,-,object,materials,metal-oxide-cathodes,,,,,materials|metal-oxide-cathodes
manganese_oxide,Manganese Oxide,MnO₂ catalyst,-,object,materials,metal-oxide-cathodes,,,,,materials|metal-oxide-cathodes
copper_cathode,Copper Cathode,Cu-based cathode,-,object,materials,metal-based-cathodes,,,,,materials|metal-based-cathodes
nickel_foam,Nickel Foam,Ni foam cathode,-,object,materials,metal-based-cathodes,,,,,materials|metal-based-cathodes
platinum_cathode,Platinum Cathode,Pt catalyst,-,object,materials,metal-based-cathodes,,,,,materials|metal-based-cathodes
stainless_steel,Stainless Steel,SS cathode,-,object,materials,metal-based-cathodes,,,,,materials|metal-based-cathodes
nb2ctx_mxene,Nb2ctx Mxene,Niobium carbide MXene,-,object,materials,mxene-materials,,,,,materials|mxene-materials
ti3c2tx_mxene,Ti3c2tx Mxene,Titanium carbide MXene,-,object,materials,mxene-materials,,,,,materials|mxene-materials
v2ctx_mxene,V2ctx Mxene,Vanadium carbide MXene,-,object,materials,mxene-materials,,,,,materials|mxene-materials
acclimation_time,Acclimation Time,Microbial adaptation time,d,number,operational,startup-procedures,7,1,60,7,operational|startup-procedures
initial_substrate_conc,Initial Substrate Conc,Starting substrate level,g/L,number,operational,startup-procedures,0.1,0.1,10,0.1,operational|startup-procedures
inoculum_source,Inoculum Source,Inoculum type,-,select,operational,startup-procedures,,,,,operational|startup-procedures
inoculum_volume,Inoculum Volume,Inoculum percentage,%,number,operational,startup-procedures,3,1,50,3,operational|startup-procedures
startup_mode,Startup Mode,Startup type,-,select,operational,startup-procedures,,,,,operational|startup-procedures
batch_duration,Batch Duration,Batch cycle time,h,number,operational,batch-operation,8,1,1000,8,operational|batch-operation
batch_volume,Batch Volume,Batch size,L,number,operational,batch-operation,0.1,0.1,10000,0.1,operational|batch-operation
drain_time,Drain Time,Time to empty reactor,min,number,operational,batch-operation,1,1,60,1,operational|batch-operation
fill_time,Fill Time,Time to fill reactor,min,number,operational,batch-operation,1,1,60,1,operational|batch-operation
idle_time,Idle Time,Time between batches,min,number,operational,batch-operation,0,0,1440,0,operational|batch-operation
cleaning_frequency,Cleaning Frequency,How often system is cleaned,days,number,operational,general,,,,,operational|general
data_sampling_frequency,Data Sampling Frequency,Frequency of data collection,Hz,number,operational,general,,,,,operational|general
duration,duration,Experiment duration,h,number,operational,general,,,,,operational|general
electrode_replacement_interval,Electrode Replacement Interval,Time between electrode replacements,months,number,operational,general,,,,,operational|general
external_load,External Load,External resistance connected to the circuit,Ω,number,operational,general,,,,,operational|general
flow_rate,Flow Rate,Flow rate of the electrolyte,mL/min,number,operational,general,,,,,operational|general
flow_velocity,Flow Velocity,Linear velocity of fluid through reactor,cm/s,number,operational,general,,,,,operational|general
flowrate,flowRate,Flow rate,mL/min,number,operational,general,,,,,operational|general
hydraulicretentiontime,hydraulicRetentionTime,Hydraulic retention time,h,number,operational,general,,,,,operational|general
load_switching_frequency,Load Switching Frequency,Frequency of load changes,Hz,number,operational,general,,,,,operational|general
membrane_replacement_interval,Membrane Replacement Interval,Time between membrane replacements,months,number,operational,general,,,,,operational|general
mixing_intensity,Mixing Intensity,Degree of mixing in reactor,rpm,number,operational,general,,,,,operational|general
mode,mode,Operating mode of the system,-,string,operational,general,,,,,operational|general
recirculation_ratio,Recirculation Ratio,Ratio of recirculated to fresh feed,-,number,operational,general,,,,,operational|general
temperature,temperature,Operating temperature,°C,number,operational,general,,,,,operational|general
dilution_rate,Dilution Rate,D = 1/HRT,1/h,number,operational,continuous-operation,0.001,0.001,10,0.001,operational|continuous-operation
hydraulic_retention_time,Hydraulic Retention Time,HRT,h,number,operational,continuous-operation,4,0.1,1000,4,operational|continuous-operation
recycle_ratio,Recycle Ratio,Recycle flow/feed flow,-,number,operational,continuous-operation,0.2,0,10,0.2,operational|continuous-operation
startup_time,Startup Time,Time to reach steady state,h,number,operational,continuous-operation,7,1,1000,7,operational|continuous-operation
steady_state_criteria,Steady State Criteria,Variation for steady state,%,number,operational,continuous-operation,0.1,0.1,10,0.1,operational|continuous-operation
feed_rate,Feed Rate,Feeding rate,L/h,number,operational,fed-batch-operation,0.01,0.01,100,0.01,operational|fed-batch-operation
feed_trigger,Feed Trigger,Feed control trigger,-,select,operational,fed-batch-operation,,,,,operational|fed-batch-operation
feeding_strategy,Feeding Strategy,Feed profile,-,select,operational,fed-batch-operation,,,,,operational|fed-batch-operation
final_volume,Final Volume,Final volume,L,number,operational,fed-batch-operation,5,0.2,10000,5,operational|fed-batch-operation
initial_volume,Initial Volume,Starting volume,L,number,operational,fed-batch-operation,0.1,0.1,1000,0.1,operational|fed-batch-operation
flow_control_mode,Flow Control Mode,Control strategy,-,select,operational,flow-control,,,,,operational|flow-control
flow_control_valve,Flow Control Valve,Valve type,-,select,operational,flow-control,,,,,operational|flow-control
flow_measurement,Flow Measurement,Flow sensor type,-,select,operational,flow-control,,,,,operational|flow-control
flow_setpoint,Flow Setpoint,Target flow rate,L/h,number,operational,flow-control,0,0,1000,0,operational|flow-control
pump_capacity,Pump Capacity,Maximum pump flow,L/h,number,operational,flow-control,0,0,10000,0,operational|flow-control
pump_type,Pump Type,Pump type,-,select,operational,flow-control,,,,,operational|flow-control
flush_cycles,Flush Cycles,System flush cycles,-,number,operational,shutdown-procedures,0,0,10,0,operational|shutdown-procedures
preservation_method,Preservation Method,Biomass preservation,-,select,operational,shutdown-procedures,,,,,operational|shutdown-procedures
shutdown_mode,Shutdown Mode,Shutdown type,-,select,operational,shutdown-procedures,,,,,operational|shutdown-procedures
storage_temperature,Storage Temperature,Storage temperature,°C,number,operational,shutdown-procedures,-80,-80,40,-80,operational|shutdown-procedures
mixer_power,Mixer Power,Mixing power input,W/m³,number,operational,mixing-control,0,0,1000,0,operational|mixing-control
mixer_speed,Mixer Speed,Mixer rotation speed,rpm,number,operational,mixing-control,0,0,2000,0,operational|mixing-control
mixing_time,Mixing Time,Time for complete mixing,s,number,operational,mixing-control,1,1,3600,1,operational|mixing-control
mixing_type,Mixing Type,Mixing method,-,select,operational,mixing-control,,,,,operational|mixing-control
reynolds_number_mixing,Reynolds Number Mixing,Mixing Reynolds number,-,number,operational,mixing-control,1,1,100000,1,operational|mixing-control
ammonia_recovery,Ammonia Recovery,Ammonia recovery efficiency,%,number,performance,nutrient-recovery,30,0,100,30,performance|nutrient-recovery
nitrogen_removal,Nitrogen Removal,Total nitrogen removal,%,number,performance,nutrient-recovery,30,0,100,30,performance|nutrient-recovery
nutrient_recovery_form,Nutrient Recovery Form,Recovery product form,-,select,performance,nutrient-recovery,,,,,performance|nutrient-recovery
phosphorus_recovery,Phosphorus Recovery,Phosphorus recovery,%,number,performance,nutrient-recovery,40,0,100,40,performance|nutrient-recovery
biogas_yield,Biogas Yield,Biogas per g substrate,L/g,number,performance,methane-production,300,0,1,300,performance|methane-production
ch4_content_biogas,Ch4 Content Biogas,CH₄ in biogas,%,number,performance,methane-production,50,0,100,50,performance|methane-production
ch4_production_rate,Ch4 Production Rate,CH₄ production rate,L/m²/d,number,performance,methane-production,0.5,0,50,0.5,performance|methane-production
bod_removal,Bod Removal,Biological oxygen demand removal,%,number,performance,organic-removal,60,0,100,60,performance|organic-removal
cod_removal,Cod Removal,Chemical oxygen demand removal,%,number,performance,organic-removal,40,0,100,40,performance|organic-removal
specific_removal_rate,Specific Removal Rate,Removal per electrode area,g/m²/d,number,performance,organic-removal,5,0,100,5,performance|organic-removal
toc_removal,Toc Removal,Total organic carbon removal,%,number,performance,organic-removal,30,0,100,30,performance|organic-removal
conversion_efficiency,Conversion Efficiency,Substrate to product,%,number,performance,chemical-synthesis,40,0,100,40,performance|chemical-synthesis
product_concentration,Product Concentration,Product concentration,g/L,number,performance,chemical-synthesis,0.1,0,100,0.1,performance|chemical-synthesis
production_rate,Production Rate,Volumetric productivity,g/L/h,number,performance,chemical-synthesis,0.01,0,10,0.01,performance|chemical-synthesis
coulombic_efficiency,Coulombic Efficiency,Electron recovery efficiency,%,number,performance,efficiency-metrics,20,0,100,20,performance|efficiency-metrics
energy_efficiency,Energy Efficiency,Overall energy efficiency,%,number,performance,efficiency-metrics,5,0,100,5,performance|efficiency-metrics
exergy_efficiency,Exergy Efficiency,Thermodynamic efficiency,%,number,performance,efficiency-metrics,5,0,100,5,performance|efficiency-metrics
voltage_efficiency,Voltage Efficiency,Voltage utilization,%,number,performance,efficiency-metrics,20,0,100,20,performance|efficiency-metrics
current_density_max,Current Density Max,Maximum current density,A/m²,number,performance,current--voltage-metrics,1,0,100,1,performance|current--voltage-metrics
fill_factor,Fill Factor,(P_max)/(I_sc × V_oc),-,number,performance,current--voltage-metrics,0,0,1,0,performance|current--voltage-metrics
open_circuit_voltage,Open Circuit Voltage,OCV,V,number,performance,current--voltage-metrics,0,0,2,0,performance|current--voltage-metrics
operating_voltage,Operating Voltage,Voltage under load,V,number,performance,current--voltage-metrics,0.2,0,1.5,0.2,performance|current--voltage-metrics
short_circuit_current,Short Circuit Current,Short circuit current,A,number,performance,current--voltage-metrics,0,0,100,0,performance|current--voltage-metrics
h2_production_rate,H2 Production Rate,H₂ production rate,L/m²/d,number,performance,hydrogen-production,0.1,0,100,0.1,performance|hydrogen-production
h2_purity,H2 Purity,Hydrogen gas purity,%,number,performance,hydrogen-production,60,0,100,60,performance|hydrogen-production
h2_yield,H2 Yield,Moles H₂ per mole substrate,mol/mol,number,performance,hydrogen-production,1.5,0,4,1.5,performance|hydrogen-production
specific_h2_production,Specific H2 Production,H₂ per kg substrate,m³/kg,number,performance,hydrogen-production,0.05,0,10,0.05,performance|hydrogen-production
maximum_power_point,Maximum Power Point,Peak power output,W,number,performance,power-output-metrics,0.0001,0,10000,0.0001,performance|power-output-metrics
power_density_areal,Power Density Areal,Power per electrode area,W/m²,number,performance,power-output-metrics,0.1,0,100,0.1,performance|power-output-metrics
power_density_normalized,Power Density Normalized,Power per kg catalyst,W/kg,number,performance,power-output-metrics,1,0,500,1,performance|power-output-metrics
power_density_volumetric,Power Density Volumetric,Power per reactor volume,W/m³,number,performance,power-output-metrics,1,0,1000,1,performance|power-output-metrics
power_stability,Power Stability,Power degradation rate,%/d,number,performance,power-output-metrics,2,-10,0,2,performance|power-output-metrics
metal_deposition_rate,Metal Deposition Rate,Metal deposition rate,mg/cm²/h,number,performance,heavy-metal-removal,0.01,0,10,0.01,performance|heavy-metal-removal
metal_recovery_purity,Metal Recovery Purity,Recovered metal purity,%,number,performance,heavy-metal-removal,70,0,100,70,performance|heavy-metal-removal
metal_removal_efficiency,Metal Removal Efficiency,Metal removal percentage,%,number,performance,heavy-metal-removal,60,0,100,60,performance|heavy-metal-removal
acid_type,Acid Type,Acid for pH control,-,select,reactor-design,ph-control,,,,,reactor-design|ph-control
base_type,Base Type,Base for pH control,-,select,reactor-design,ph-control,,,,,reactor-design|ph-control
buffer_capacity,Buffer Capacity,Buffer capacity,mmol/L/pH,number,reactor-design,ph-control,0,0,100,0,reactor-design|ph-control
ph_control_type,Ph Control Type,pH control method,-,select,reactor-design,ph-control,,,,,reactor-design|ph-control
ph_deadband,Ph Deadband,pH control deadband,-,number,reactor-design,ph-control,0.1,0.05,1,0.1,reactor-design|ph-control
ph_setpoint,Ph Setpoint,Target pH,-,number,reactor-design,ph-control,6,2,12,6,reactor-design|ph-control
anode_area_cell,Anode Area Cell,Anode surface area in cell,cm²,number,reactor-design,electrode-geometry-in-cells,0.0004,0.1,100,0.0004,reactor-design|electrode-geometry-in-cells
cathode_area_cell,Cathode Area Cell,Cathode surface area in cell,cm²,number,reactor-design,electrode-geometry-in-cells,0.0004,0.1,100,0.0004,reactor-design|electrode-geometry-in-cells
electrode_arrangement_cell,Electrode Arrangement Cell,Electrode configuration,-,select,reactor-design,electrode-geometry-in-cells,,,,,reactor-design|electrode-geometry-in-cells
electrode_spacing_cell,Electrode Spacing Cell,Anode-cathode separation,mm,number,reactor-design,electrode-geometry-in-cells,1,1,100,1,reactor-design|electrode-geometry-in-cells
electrode_thickness_cell,Electrode Thickness Cell,Electrode material thickness,mm,number,reactor-design,electrode-geometry-in-cells,0.1,0.1,10,0.1,reactor-design|electrode-geometry-in-cells
aspect_ratio,Aspect Ratio,Height to diameter ratio,-,number,reactor-design,reactor-vessel,0.5,0.5,10,0.5,reactor-design|reactor-vessel
baffles_present,Baffles Present,Internal baffles present,-,boolean,reactor-design,reactor-vessel,,,,,reactor-design|reactor-vessel
reactor_material,Reactor Material,Reactor construction material,-,select,reactor-design,reactor-vessel,,,,,reactor-design|reactor-vessel
reactor_shape,Reactor Shape,Reactor geometry,-,select,reactor-design,reactor-vessel,,,,,reactor-design|reactor-vessel
reactor_volume_total,Reactor Volume Total,Total reactor volume,L,number,reactor-design,reactor-vessel,1,1,10000,1,reactor-design|reactor-vessel
cell_diameter,Cell Diameter,Cell diameter (cylindrical),mm,number,reactor-design,single-unit-cells,25,10,500,25,reactor-design|single-unit-cells
cell_height,Cell Height,Cell height,mm,number,reactor-design,single-unit-cells,20,10,1000,20,reactor-design|single-unit-cells
cell_length,Cell Length,Cell length (rectangular),mm,number,reactor-design,single-unit-cells,40,10,1000,40,reactor-design|single-unit-cells
cell_type,Cell Type,Cell geometry type,-,select,reactor-design,single-unit-cells,,,,,reactor-design|single-unit-cells
cell_volume,Cell Volume,Total cell volume,mL,number,reactor-design,single-unit-cells,10,10,5000,10,reactor-design|single-unit-cells
cell_width,Cell Width,Cell width (rectangular),mm,number,reactor-design,single-unit-cells,30,10,500,30,reactor-design|single-unit-cells
headspace_volume,Headspace Volume,Gas headspace volume,mL,number,reactor-design,single-unit-cells,5,0,500,5,reactor-design|single-unit-cells
working_volume,Working Volume,Active/working volume,mL,number,reactor-design,single-unit-cells,5,5,4500,5,reactor-design|single-unit-cells
cell_material,Cell Material,Cell housing material,-,select,reactor-design,cell-materials,,,,,reactor-design|cell-materials
chemical_resistance,Chemical Resistance,Chemical resistance rating,-,number,reactor-design,cell-materials,1,1,10,1,reactor-design|cell-materials
pressure_rating,Pressure Rating,Maximum pressure rating,bar,number,reactor-design,cell-materials,1,1,50,1,reactor-design|cell-materials
temperature_limit,Temperature Limit,Maximum temperature,°C,number,reactor-design,cell-materials,20,20,200,20,reactor-design|cell-materials
transparency,Transparency,Material transparency,%,number,reactor-design,cell-materials,80,0,100,80,reactor-design|cell-materials
wall_thickness,Wall Thickness,Cell wall thickness,mm,number,reactor-design,cell-materials,2,2,20,2,reactor-design|cell-materials
cells_per_stack,Cells Per Stack,Number of cells in stack,-,number,reactor-design,stack-geometry,2,2,100,2,reactor-design|stack-geometry
inter_cell_spacing,Inter Cell Spacing,Space between cells,mm,number,reactor-design,stack-geometry,1,1,50,1,reactor-design|stack-geometry
stack_arrangement,Stack Arrangement,Electrical connection,-,select,reactor-design,stack-geometry,,,,,reactor-design|stack-geometry
stack_compression,Stack Compression,Stack compression force,N/cm²,number,reactor-design,stack-geometry,0,0,100,0,reactor-design|stack-geometry
stack_footprint,Stack Footprint,Stack base area,cm²,number,reactor-design,stack-geometry,100,100,10000,100,reactor-design|stack-geometry
stack_height,Stack Height,Total stack height,mm,number,reactor-design,stack-geometry,50,50,2000,50,reactor-design|stack-geometry
chamber_volume,Chamber Volume,Working chamber volume,μL,number,reactor-design,micro-scale-test-cells-75mm--25mm-slides,10,100,1000,10,reactor-design|micro-scale-test-cells-75mm--25mm-slides
channel_depth,Channel Depth,Microfluidic channel depth,μm,number,reactor-design,micro-scale-test-cells-75mm--25mm-slides,50,20,500,50,reactor-design|micro-scale-test-cells-75mm--25mm-slides
channel_width,Channel Width,Microfluidic channel width,μm,number,reactor-design,micro-scale-test-cells-75mm--25mm-slides,100,50,1000,100,reactor-design|micro-scale-test-cells-75mm--25mm-slides
electrode_spacing_micro,Electrode Spacing Micro,Micro-electrode separation,μm,number,reactor-design,micro-scale-test-cells-75mm--25mm-slides,200,100,5000,200,reactor-design|micro-scale-test-cells-75mm--25mm-slides
slide_length,Slide Length,Microscope slide length,mm,number,reactor-design,micro-scale-test-cells-75mm--25mm-slides,25,50,100,25,reactor-design|micro-scale-test-cells-75mm--25mm-slides
slide_thickness,Slide Thickness,Slide material thickness,mm,number,reactor-design,micro-scale-test-cells-75mm--25mm-slides,0.025,1,5,0.025,reactor-design|micro-scale-test-cells-75mm--25mm-slides
slide_width,Slide Width,Microscope slide width,mm,number,reactor-design,micro-scale-test-cells-75mm--25mm-slides,10,20,30,10,reactor-design|micro-scale-test-cells-75mm--25mm-slides
contact_resistance,Contact Resistance,Electrical contact resistance,mΩ,number,reactor-design,cell-connections,1,0.1,100,1,reactor-design|cell-connections
current_collector_type,Current Collector Type,Current collector material,-,select,reactor-design,cell-connections,,,,,reactor-design|cell-connections
terminal_type,Terminal Type,Electrical terminal type,-,select,reactor-design,cell-connections,,,,,reactor-design|cell-connections
wire_gauge,Wire Gauge,Connection wire gauge,AWG,number,reactor-design,cell-connections,10,10,30,10,reactor-design|cell-connections
cooling_capacity,Cooling Capacity,Cooling system capacity,kW,number,reactor-design,temperature-control,5,0,100,5,reactor-design|temperature-control
heating_capacity,Heating Capacity,Heating system capacity,kW,number,reactor-design,temperature-control,1,0,100,1,reactor-design|temperature-control
temperature_control_type,Temperature Control Type,Temperature control method,-,select,reactor-design,temperature-control,,,,,reactor-design|temperature-control
temperature_deadband,Temperature Deadband,Control deadband,°C,number,reactor-design,temperature-control,0.1,0.1,5,0.1,reactor-design|temperature-control
temperature_ramp_rate_max,Temperature Ramp Rate Max,Maximum temperature change rate,°C/min,number,reactor-design,temperature-control,0.1,0.1,10,0.1,reactor-design|temperature-control
temperature_setpoint,Temperature Setpoint,Target temperature,°C,number,reactor-design,temperature-control,4,4,80,4,reactor-design|temperature-control
current_density_cell,Current Density Cell,Current per electrode area,A/m²,number,reactor-design,individual-cell-electrical-output,0,0,100,0,reactor-design|individual-cell-electrical-output
internal_resistance_cell,Internal Resistance Cell,Cell internal resistance,Ω,number,reactor-design,individual-cell-electrical-output,5,0.1,1000,5,reactor-design|individual-cell-electrical-output
open_circuit_voltage_cell,Open Circuit Voltage Cell,Cell OCV,V,number,reactor-design,individual-cell-electrical-output,0.5,0,2,0.5,reactor-design|individual-cell-electrical-output
operating_voltage_cell,Operating Voltage Cell,Cell voltage under load,V,number,reactor-design,individual-cell-electrical-output,0.2,0,1.5,0.2,reactor-design|individual-cell-electrical-output
power_density_cell,Power Density Cell,Power per cell volume,W/m³,number,reactor-design,individual-cell-electrical-output,1,0,1000,1,reactor-design|individual-cell-electrical-output
current_sharing,Current Sharing,Current distribution uniformity,%,number,reactor-design,stack-electrical-configuration,80,80,100,80,reactor-design|stack-electrical-configuration
stack_current,Stack Current,Total stack current,A,number,reactor-design,stack-electrical-configuration,0,0,1000,0,reactor-design|stack-electrical-configuration
stack_power,Stack Power,Total stack power output,W,number,reactor-design,stack-electrical-configuration,0,0,10000,0,reactor-design|stack-electrical-configuration
stack_voltage,Stack Voltage,Total stack voltage,V,number,reactor-design,stack-electrical-configuration,0,0,100,0,reactor-design|stack-electrical-configuration
voltage_balancing,Voltage Balancing,Active voltage balancing,-,boolean,reactor-design,stack-electrical-configuration,,,,,reactor-design|stack-electrical-configuration
dead_zone_fraction,Dead Zone Fraction,Fraction of dead volume,%,number,reactor-design,scale-up-factors,5,0,50,5,reactor-design|scale-up-factors
reynolds_number,Reynolds Number,Flow regime indicator,-,number,reactor-design,scale-up-factors,1,1,100000,1,reactor-design|scale-up-factors
scale_factor,Scale Factor,Scale-up from lab,-,number,reactor-design,scale-up-factors,1,1,10000,1,reactor-design|scale-up-factors
distribution_channels,Distribution Channels,Number of distribution channels,-,number,reactor-design,flow-distribution-system,1,1,50,1,reactor-design|flow-distribution-system
flow_uniformity,Flow Uniformity,Flow distribution uniformity,%,number,reactor-design,flow-distribution-system,50,50,100,50,reactor-design|flow-distribution-system
inlet_diameter,Inlet Diameter,Main inlet pipe diameter,mm,number,reactor-design,flow-distribution-system,3,5,100,3,reactor-design|flow-distribution-system
manifold_type,Manifold Type,Flow manifold design,-,select,reactor-design,flow-distribution-system,,,,,reactor-design|flow-distribution-system
pressure_drop_manifold,Pressure Drop Manifold,Manifold pressure drop,kPa,number,reactor-design,flow-distribution-system,0.1,0,100,0.1,reactor-design|flow-distribution-system
flow_mode_cell,Flow Mode Cell,Cell operation mode,-,select,reactor-design,cell-flow-dynamics,,,,,reactor-design|cell-flow-dynamics
flow_rate_cell,Flow Rate Cell,Flow rate through cell,mL/min,number,reactor-design,cell-flow-dynamics,0.1,0,100,0.1,reactor-design|cell-flow-dynamics
mixing_mode_cell,Mixing Mode Cell,Mixing method in cell,-,select,reactor-design,cell-flow-dynamics,,,,,reactor-design|cell-flow-dynamics
residence_time_cell,Residence Time Cell,Hydraulic residence time,h,number,reactor-design,cell-flow-dynamics,0.1,0.1,100,0.1,reactor-design|cell-flow-dynamics
alarm_priority_levels,Alarm Priority Levels,Alarm categories,-,number,monitoring-control,system-architecture,4,1,5,4,monitoring-control|system-architecture
automation_level,Automation Level,Automation degree,-,select,monitoring-control,system-architecture,,,,,monitoring-control|system-architecture
historian_retention,Historian Retention,Data retention period,days,number,monitoring-control,system-architecture,30,30,3650,30,monitoring-control|system-architecture
hmi_update_rate,Hmi Update Rate,Display refresh rate,s,number,monitoring-control,system-architecture,1,0.1,10,1,monitoring-control|system-architecture
plc_scan_time,Plc Scan Time,PLC cycle time,ms,number,monitoring-control,system-architecture,10,10,1000,10,monitoring-control|system-architecture
anti_windup,Anti Windup,Integral anti-windup,-,boolean,monitoring-control,pid-control,,,,,monitoring-control|pid-control
control_interval,Control Interval,Control update period,s,number,monitoring-control,pid-control,1,0.1,100,1,monitoring-control|pid-control
derivative_time,Derivative Time,Td value,s,number,monitoring-control,pid-control,0,0,100,0,monitoring-control|pid-control
integral_time,Integral Time,Ti value,s,number,monitoring-control,pid-control,10,0,1000,10,monitoring-control|pid-control
proportional_gain,Proportional Gain,Kp value,-,number,monitoring-control,pid-control,0,0,100,0,monitoring-control|pid-control
bandwidth_requirement,Bandwidth Requirement,Network bandwidth needed,kbps,number,monitoring-control,remote-monitoring,10,10,1000,10,monitoring-control|remote-monitoring
cybersecurity_level,Cybersecurity Level,Security measures,-,select,monitoring-control,remote-monitoring,,,,,monitoring-control|remote-monitoring
remote_access,Remote Access,Remote access enabled,-,boolean,monitoring-control,remote-monitoring,,,,,monitoring-control|remote-monitoring
telemetry_protocol,Telemetry Protocol,Data transmission protocol,-,select,monitoring-control,remote-monitoring,,,,,monitoring-control|remote-monitoring
update_frequency,Update Frequency,Remote update interval,min,number,monitoring-control,remote-monitoring,1,1,1440,1,monitoring-control|remote-monitoring
ch4_sensor_type,Ch4 Sensor Type,CH₄ sensor,-,select,monitoring-control,gas-sensors,,,,,monitoring-control|gas-sensors
co2_sensor_type,Co2 Sensor Type,CO₂ sensor,-,select,monitoring-control,gas-sensors,,,,,monitoring-control|gas-sensors
gas_sensor_response,Gas Sensor Response,Gas sensor response time,s,number,monitoring-control,gas-sensors,1,1,60,1,monitoring-control|gas-sensors
h2_detection_limit,H2 Detection Limit,H₂ detection limit,ppm,number,monitoring-control,gas-sensors,1,1,1000,1,monitoring-control|gas-sensors
h2_sensor_type,H2 Sensor Type,H₂ sensor,-,select,monitoring-control,gas-sensors,,,,,monitoring-control|gas-sensors
channel_count,Channel Count,Number of input channels,-,number,monitoring-control,daq-hardware,4,1,128,4,monitoring-control|daq-hardware
communication_protocol,Communication Protocol,Communication type,-,select,monitoring-control,daq-hardware,,,,,monitoring-control|daq-hardware
data_logger_type,Data Logger Type,DAQ system type,-,select,monitoring-control,daq-hardware,,,,,monitoring-control|daq-hardware
resolution,Resolution,ADC resolution,bit,number,monitoring-control,daq-hardware,8,8,24,8,monitoring-control|daq-hardware
sampling_rate,Sampling Rate,Data sampling frequency,Hz,number,monitoring-control,daq-hardware,0.1,0.1,10000,0.1,monitoring-control|daq-hardware
conductivity_range,Conductivity Range,Conductivity range,mS/cm,array,monitoring-control,chemical-sensors,,,,,monitoring-control|chemical-sensors
do_response_time,Do Response Time,DO response time,s,number,monitoring-control,chemical-sensors,1,1,60,1,monitoring-control|chemical-sensors
do_sensor_type,Do Sensor Type,DO sensor type,-,select,monitoring-control,chemical-sensors,,,,,monitoring-control|chemical-sensors
orp_range,Orp Range,ORP measurement range,mV,array,monitoring-control,chemical-sensors,,,,,monitoring-control|chemical-sensors
ph_accuracy,Ph Accuracy,pH accuracy,pH,number,monitoring-control,chemical-sensors,0.01,0.01,0.1,0.01,monitoring-control|chemical-sensors
ph_sensor_type,Ph Sensor Type,pH sensor type,-,select,monitoring-control,chemical-sensors,,,,,monitoring-control|chemical-sensors
control_horizon,Control Horizon,MPC control horizon,steps,number,monitoring-control,advanced-control,3,1,50,3,monitoring-control|advanced-control
control_strategy,Control Strategy,Control algorithm,-,select,monitoring-control,advanced-control,,,,,monitoring-control|advanced-control
model_update_frequency,Model Update Frequency,Model adaptation rate,h,number,monitoring-control,advanced-control,0.1,0.1,168,0.1,monitoring-control|advanced-control
prediction_horizon,Prediction Horizon,MPC prediction horizon,steps,number,monitoring-control,advanced-control,10,1,100,10,monitoring-control|advanced-control
convergence_criteria,Convergence Criteria,Convergence tolerance,%,number,monitoring-control,optimization-algorithms,10,0.01,10,10,monitoring-control|optimization-algorithms
optimization_algorithm,Optimization Algorithm,Optimization method,-,select,monitoring-control,optimization-algorithms,,,,,monitoring-control|optimization-algorithms
optimization_objective,Optimization Objective,Optimization goal,-,select,monitoring-control,optimization-algorithms,,,,,monitoring-control|optimization-algorithms
data_validation,Data Validation,Automatic validation,-,boolean,monitoring-control,data-processing,,,,,monitoring-control|data-processing
filter_type,Filter Type,Signal filtering,-,select,monitoring-control,data-processing,,,,,monitoring-control|data-processing
filter_window,Filter Window,Filter window size,samples,number,monitoring-control,data-processing,3,1,100,3,monitoring-control|data-processing
missing_data_handling,Missing Data Handling,Missing data method,-,select,monitoring-control,data-processing,,,,,monitoring-control|data-processing
outlier_detection,Outlier Detection,Outlier method,-,select,monitoring-control,data-processing,,,,,monitoring-control|data-processing
feature_count,Feature Count,Number of input features,-,number,monitoring-control,machine-learning-parameters,5,1,100,5,monitoring-control|machine-learning-parameters
ml_model_type,Ml Model Type,ML algorithm type,-,select,monitoring-control,machine-learning-parameters,,,,,monitoring-control|machine-learning-parameters
model_update_trigger,Model Update Trigger,Update trigger,-,select,monitoring-control,machine-learning-parameters,,,,,monitoring-control|machine-learning-parameters
prediction_confidence,Prediction Confidence,Confidence threshold,%,number,monitoring-control,machine-learning-parameters,0,0,100,0,monitoring-control|machine-learning-parameters
training_data_size,Training Data Size,Training dataset size,samples,number,monitoring-control,machine-learning-parameters,100,100,1000000,100,monitoring-control|machine-learning-parameters
flow_sensor_accuracy,Flow Sensor Accuracy,Flow measurement accuracy,%,number,monitoring-control,physical-sensors,0.5,0.5,5,0.5,monitoring-control|physical-sensors
level_sensor_type,Level Sensor Type,Level sensor,-,select,monitoring-control,physical-sensors,,,,,monitoring-control|physical-sensors
pressure_accuracy,Pressure Accuracy,Pressure accuracy,%,number,monitoring-control,physical-sensors,0.1,0.1,5,0.1,monitoring-control|physical-sensors
pressure_sensor_type,Pressure Sensor Type,Pressure sensor,-,select,monitoring-control,physical-sensors,,,,,monitoring-control|physical-sensors
temperature_accuracy,Temperature Accuracy,Temperature accuracy,°C,number,monitoring-control,physical-sensors,0.01,0.01,1,0.01,monitoring-control|physical-sensors
temperature_sensor_type,Temperature Sensor Type,Temperature sensor,-,select,monitoring-control,physical-sensors,,,,,monitoring-control|physical-sensors
acidification_potential,Acidification Potential,Acidification impact,g SO₂-eq/kWh,number,economic,environmental-impact,0,0,10,0,economic|environmental-impact
carbon_footprint,Carbon Footprint,GHG emissions,kg CO₂-eq/kWh,number,economic,environmental-impact,1,0,1,1,economic|environmental-impact
eutrophication_potential,Eutrophication Potential,Eutrophication impact,g PO₄-eq/kWh,number,economic,environmental-impact,0,0,5,0,economic|environmental-impact
land_footprint,Land Footprint,Land use impact,m²·year/kWh,number,economic,environmental-impact,0,0,1,0,economic|environmental-impact
water_footprint,Water Footprint,Water consumption,L/kWh,number,economic,environmental-impact,0,0,100,0,economic|environmental-impact
byproduct_revenue,Byproduct Revenue,Chemical product value,$/kg,number,economic,revenue-streams,0,0,100,0,economic|revenue-streams
carbon_credit_revenue,Carbon Credit Revenue,Carbon credit value,$/tCO₂,number,economic,revenue-streams,0,0,100,0,economic|revenue-streams
electricity_revenue,Electricity Revenue,Electricity sale price,$/kWh,number,economic,revenue-streams,0,0,0.5,0,economic|revenue-streams
hydrogen_revenue,Hydrogen Revenue,H₂ sale price,$/kg,number,economic,revenue-streams,0,0,10,0,economic|revenue-streams
treatment_revenue,Treatment Revenue,Wastewater treatment fee,$/m³,number,economic,revenue-streams,0,0,50,0,economic|revenue-streams
capitalcost,capitalCost,Capital cost,USD,number,economic,general,,,,,economic|general
costperwatt,costPerWatt,Cost per watt,USD/W,number,economic,general,,,,,economic|general
operatingcost,operatingCost,Operating cost,USD/kWh,number,economic,general,,,,,economic|general
chemical_cost,Chemical Cost,Chemical consumption cost,$/m³,number,economic,variable-operating-costs,0,0,100,0,economic|variable-operating-costs
disposal_cost,Disposal Cost,Waste disposal cost,$/kg,number,economic,variable-operating-costs,0,0,1,0,economic|variable-operating-costs
energy_cost,Energy Cost,Electricity cost,$/kWh,number,economic,variable-operating-costs,0,0,0.5,0,economic|variable-operating-costs
substrate_cost,Substrate Cost,Feedstock cost (negative if waste),$/kg,number,economic,variable-operating-costs,-0.1,-0.1,10,-0.1,economic|variable-operating-costs
water_cost,Water Cost,Process water cost,$/m³,number,economic,variable-operating-costs,0,0,10,0,economic|variable-operating-costs
civil_works_cost,Civil Works Cost,Site preparation cost,$,number,economic,installation-costs,0,0,1000000,0,economic|installation-costs
commissioning_cost,Commissioning Cost,Startup and testing cost,$,number,economic,installation-costs,0,0,100000,0,economic|installation-costs
installation_factor,Installation Factor,Installation cost multiplier,-,number,economic,installation-costs,1.2,1.2,3,1.2,economic|installation-costs
community_acceptance,Community Acceptance,Community support score,-,number,economic,employment--community,1,1,10,1,economic|employment--community
jobs_created,Jobs Created,Employment generation,jobs/MW,number,economic,employment--community,0,0,50,0,economic|employment--community
local_content,Local Content,Local sourcing percentage,%,number,economic,employment--community,30,0,100,30,economic|employment--community
training_hours,Training Hours,Worker training provided,h/year,number,economic,employment--community,1,0,1000,1,economic|employment--community
control_system_cost,Control System Cost,Automation cost,$,number,economic,system-capital-costs,100,100,100000,100,economic|system-capital-costs
electrode_cost,Electrode Cost,Electrode material cost,$/m²,number,economic,system-capital-costs,10,10,1000,10,economic|system-capital-costs
membrane_cost,Membrane Cost,Separator cost,$/m²,number,economic,system-capital-costs,10,10,500,10,economic|system-capital-costs
reactor_cost,Reactor Cost,Reactor vessel cost,$,number,economic,system-capital-costs,50,50,1000000,50,economic|system-capital-costs
specific_capital_cost,Specific Capital Cost,Cost per kW capacity,$/kW,number,economic,system-capital-costs,100,100,10000,100,economic|system-capital-costs
total_capital_cost,Total Capital Cost,Total CAPEX,$,number,economic,system-capital-costs,100,100,10000000,100,economic|system-capital-costs
discount_rate,Discount Rate,Financial discount rate,%,number,economic,financial-metrics,6,0,20,6,economic|financial-metrics
internal_rate_return,Internal Rate Return,IRR,%,number,economic,financial-metrics,-20,-20,50,-20,economic|financial-metrics
levelized_cost_energy,Levelized Cost Energy,LCOE,$/kWh,number,economic,financial-metrics,0.01,0.01,10,0.01,economic|financial-metrics
net_present_value,Net Present Value,NPV at discount rate,$,number,economic,financial-metrics,-1000000,-1000000,10000000,-1000000,economic|financial-metrics
payback_period,Payback Period,Simple payback time,years,number,economic,financial-metrics,5,0.5,20,5,economic|financial-metrics
insurance_cost,Insurance Cost,% of CAPEX for insurance,%/year,number,economic,fixed-operating-costs,0.5,0.5,5,0.5,economic|fixed-operating-costs
labor_cost,Labor Cost,Annual labor cost,$/year,number,economic,fixed-operating-costs,0,0,1000000,0,economic|fixed-operating-costs
maintenance_cost,Maintenance Cost,% of CAPEX for maintenance,%/year,number,economic,fixed-operating-costs,1,1,10,1,economic|fixed-operating-costs
overhead_cost,Overhead Cost,Administrative overhead,%/year,number,economic,fixed-operating-costs,5,5,20,5,economic|fixed-operating-costs
material_circularity,Material Circularity,Recycled content,%,number,economic,resource-efficiency,0,0,100,0,economic|resource-efficiency
renewable_energy_fraction,Renewable Energy Fraction,Renewable energy use,%,number,economic,resource-efficiency,0,0,100,0,economic|resource-efficiency
waste_diversion_rate,Waste Diversion Rate,Waste diverted from landfill,%,number,economic,resource-efficiency,0,0,100,0,economic|resource-efficiency
water_reuse_rate,Water Reuse Rate,Water recycling rate,%,number,economic,resource-efficiency,0,0,100,0,economic|resource-efficiency
noise_level,Noise Level,Operational noise level,dB,number,economic,health--safety-impact,0,0,100,0,economic|health--safety-impact
odor_units,Odor Units,Odor emission level,OU/m³,number,economic,health--safety-impact,0,0,1000,0,economic|health--safety-impact
safety_incidents,Safety Incidents,Annual safety incidents,/year,number,economic,health--safety-impact,0,0,10,0,economic|health--safety-impact
visual_impact,Visual Impact,Visual impact score,-,number,economic,health--safety-impact,2,1,10,2,economic|health--safety-impact
alarm_types,Alarm Types,Alarm systems,-,array,safety-regulatory,emergency-response,,,,,safety-regulatory|emergency-response
containment_volume,Containment Volume,Spill containment capacity,m³,number,safety-regulatory,emergency-response,0,0,1000,0,safety-regulatory|emergency-response
evacuation_time,Evacuation Time,Site evacuation time,min,number,safety-regulatory,emergency-response,1,1,30,1,safety-regulatory|emergency-response
antibiotic_resistance_risk,Antibiotic Resistance Risk,ARG risk level,-,select,safety-regulatory,biological-safety,,,,,safety-regulatory|biological-safety
bioaerosol_control,Bioaerosol Control,Aerosol containment,-,boolean,safety-regulatory,biological-safety,,,,,safety-regulatory|biological-safety
biosafety_level,Biosafety Level,Biosafety classification,-,select,safety-regulatory,biological-safety,,,,,safety-regulatory|biological-safety
pathogen_reduction,Pathogen Reduction,Log reduction of pathogens,log,number,safety-regulatory,biological-safety,0.5,0,6,0.5,safety-regulatory|biological-safety
audit_frequency,Audit Frequency,Compliance audits,/year,number,safety-regulatory,compliance-monitoring,1,1,12,1,safety-regulatory|compliance-monitoring
certification_required,Certification Required,Required certifications,-,array,safety-regulatory,compliance-monitoring,,,,,safety-regulatory|compliance-monitoring
compliance_reporting,Compliance Reporting,Reporting period,-,select,safety-regulatory,compliance-monitoring,,,,,safety-regulatory|compliance-monitoring
monitoring_frequency,Monitoring Frequency,Sampling frequency,-,select,safety-regulatory,compliance-monitoring,,,,,safety-regulatory|compliance-monitoring
co2_emission_limit,Co2 Emission Limit,CO₂ emission standard,kg/MWh,number,safety-regulatory,emission-standards,50,0,1000,50,safety-regulatory|emission-standards
noise_limit_day,Noise Limit Day,Daytime noise limit,dB,number,safety-regulatory,emission-standards,65,40,80,65,safety-regulatory|emission-standards
noise_limit_night,Noise Limit Night,Nighttime noise limit,dB,number,safety-regulatory,emission-standards,55,30,70,55,safety-regulatory|emission-standards
particulate_limit,Particulate Limit,PM emission limit,mg/m³,number,safety-regulatory,emission-standards,0.5,0,50,0.5,safety-regulatory|emission-standards
voc_emission_limit,Voc Emission Limit,VOC emission limit,mg/m³,number,safety-regulatory,emission-standards,0,0,100,0,safety-regulatory|emission-standards
control_effectiveness,Control Effectiveness,Risk control efficiency,%,number,safety-regulatory,hazard-identification,0,0,100,0,safety-regulatory|hazard-identification
hazard_probability,Hazard Probability,Occurrence probability,-,number,safety-regulatory,hazard-identification,1,1,5,1,safety-regulatory|hazard-identification
hazard_severity,Hazard Severity,Consequence severity,-,number,safety-regulatory,hazard-identification,1,1,5,1,safety-regulatory|hazard-identification
risk_score,Risk Score,Risk matrix score,-,number,safety-regulatory,hazard-identification,1,1,25,1,safety-regulatory|hazard-identification
corrosivity_class,Corrosivity Class,Corrosion hazard,-,select,safety-regulatory,chemical-hazards,,,,,safety-regulatory|chemical-hazards
explosion_limit_lower,Explosion Limit Lower,LEL for H₂,%,number,safety-regulatory,chemical-hazards,10,0,20,10,safety-regulatory|chemical-hazards
explosion_limit_upper,Explosion Limit Upper,UEL for H₂,%,number,safety-regulatory,chemical-hazards,0,0,100,0,safety-regulatory|chemical-hazards
flammability_rating,Flammability Rating,NFPA flammability,-,number,safety-regulatory,chemical-hazards,0,0,4,0,safety-regulatory|chemical-hazards
reactivity_rating,Reactivity Rating,NFPA reactivity,-,number,safety-regulatory,chemical-hazards,0,0,4,0,safety-regulatory|chemical-hazards
toxicity_rating,Toxicity Rating,NFPA health hazard,-,number,safety-regulatory,chemical-hazards,0,0,4,0,safety-regulatory|chemical-hazards
effluent_bod_limit,Effluent Bod Limit,BOD discharge limit,mg/L,number,safety-regulatory,discharge-standards,0,0,200,0,safety-regulatory|discharge-standards
effluent_cod_limit,Effluent Cod Limit,COD discharge limit,mg/L,number,safety-regulatory,discharge-standards,100,0,500,100,safety-regulatory|discharge-standards
effluent_tn_limit,Effluent Tn Limit,Total N limit,mg/L,number,safety-regulatory,discharge-standards,10,0,50,10,safety-regulatory|discharge-standards
effluent_tp_limit,Effluent Tp Limit,Total P limit,mg/L,number,safety-regulatory,discharge-standards,1,0,10,1,safety-regulatory|discharge-standards
effluent_tss_limit,Effluent Tss Limit,TSS discharge limit,mg/L,number,safety-regulatory,discharge-standards,0,0,100,0,safety-regulatory|discharge-standards
emergency_shutdown_time,Emergency Shutdown Time,ESD response time,s,number,safety-regulatory,operational-safety-limits,1,1,300,1,safety-regulatory|operational-safety-limits
max_operating_ph,Max Operating Ph,Maximum safe pH,-,number,safety-regulatory,operational-safety-limits,7,7,14,7,safety-regulatory|operational-safety-limits
max_operating_pressure,Max Operating Pressure,Maximum safe pressure,bar,number,safety-regulatory,operational-safety-limits,1,1,50,1,safety-regulatory|operational-safety-limits
max_operating_temperature,Max Operating Temperature,Maximum safe temperature,°C,number,safety-regulatory,operational-safety-limits,20,20,150,20,safety-regulatory|operational-safety-limits
min_operating_ph,Min Operating Ph,Minimum safe pH,-,number,safety-regulatory,operational-safety-limits,0,0,7,0,safety-regulatory|operational-safety-limits
biocompatibility_iso,Biocompatibility Iso,ISO standard met,-,select,application-specific,implantable-systems,,,,,application-specific|implantable-systems
device_volume,Device Volume,Implant volume,mm³,number,application-specific,implantable-systems,1,1,10000,1,application-specific|implantable-systems
lifetime_target,Lifetime Target,Device lifetime,years,number,application-specific,implantable-systems,1,1,20,1,application-specific|implantable-systems
power_requirement,Power Requirement,Power needed,μW,number,application-specific,implantable-systems,1,1,1000,1,application-specific|implantable-systems
sterilization_method,Sterilization Method,Sterilization type,-,select,application-specific,implantable-systems,,,,,application-specific|implantable-systems
biogas_production,Biogas Production,Biogas from WW,L/g COD,number,application-specific,treatment-performance,0,0,0.5,0,application-specific|treatment-performance
hydraulic_loading,Hydraulic Loading,Surface loading rate,m³/m²/d,number,application-specific,treatment-performance,0.05,0.1,10,0.05,application-specific|treatment-performance
organic_loading,Organic Loading,Volumetric loading,kg COD/m³/d,number,application-specific,treatment-performance,0.1,0.1,20,0.1,application-specific|treatment-performance
pathogen_removal,Pathogen Removal,Pathogen reduction,log,number,application-specific,treatment-performance,0,0,6,0,application-specific|treatment-performance
sludge_production,Sludge Production,Sludge yield,kg/kg COD,number,application-specific,treatment-performance,0,0,0.5,0,application-specific|treatment-performance
bubble_management,Bubble Management,Gas-liquid separation,-,select,application-specific,microgravity-operation,,,,,application-specific|microgravity-operation
fluid_containment,Fluid Containment,Liquid containment,-,select,application-specific,microgravity-operation,,,,,application-specific|microgravity-operation
gravity_level,Gravity Level,Gravity acceleration,g,number,application-specific,microgravity-operation,0,0,1,0,application-specific|microgravity-operation
orientation_independence,Orientation Independence,Works in any orientation,-,boolean,application-specific,microgravity-operation,,,,,application-specific|microgravity-operation
calibration_frequency,Calibration Frequency,Calibration interval,days,number,application-specific,biosensor-operation,7,1,90,7,application-specific|biosensor-operation
measurement_mode,Measurement Mode,Operating mode,-,select,application-specific,biosensor-operation,,,,,application-specific|biosensor-operation
regeneration_method,Regeneration Method,Sensor regeneration,-,select,application-specific,biosensor-operation,,,,,application-specific|biosensor-operation
signal_type,Signal Type,Output signal,-,select,application-specific,biosensor-operation,,,,,application-specific|biosensor-operation
cation_exchange,Cation Exchange,CEC enhancement,meq/100g,number,application-specific,soil-integration,0.9,0,50,0.9,application-specific|soil-integration
root_zone_placement,Root Zone Placement,Depth of placement,cm,number,application-specific,soil-integration,5,0,100,5,application-specific|soil-integration
soil_compatibility,Soil Compatibility,Compatible soil types,-,select,application-specific,soil-integration,,,,,application-specific|soil-integration
water_retention,Water Retention,Water holding improvement,%,number,application-specific,soil-integration,4,0,50,4,application-specific|soil-integration
co2_capture_rate,Co2 Capture Rate,CO₂ capture rate,g/m²/d,number,application-specific,co-reduction,0.1,0,100,0.1,application-specific|co-reduction
co2_conversion_product,Co2 Conversion Product,Main product,-,select,application-specific,co-reduction,,,,,application-specific|co-reduction
faradaic_efficiency_co2,Faradaic Efficiency Co2,CO₂ reduction efficiency,%,number,application-specific,co-reduction,30,0,100,30,application-specific|co-reduction
product_selectivity,Product Selectivity,Target product selectivity,%,number,application-specific,co-reduction,0,0,100,0,application-specific|co-reduction
current_efficiency,Current Efficiency,Current utilization,%,number,application-specific,mdc-operation,40,50,100,40,application-specific|mdc-operation
energy_per_volume,Energy Per Volume,Energy per m³ water,kWh/m³,number,application-specific,mdc-operation,0.005,0,5,0.005,application-specific|mdc-operation
membrane_pairs,Membrane Pairs,Ion exchange membrane pairs,-,number,application-specific,mdc-operation,1,1,100,1,application-specific|mdc-operation
salt_removal,Salt Removal,Desalination efficiency,%,number,application-specific,mdc-operation,0,0,99,0,application-specific|mdc-operation
detection_limit,Detection Limit,Lower detection limit,μg/L,number,application-specific,sensor-specifications,0.001,0.001,1000,0.001,application-specific|sensor-specifications
detection_range,Detection Range,Measurement range,-,array,application-specific,sensor-specifications,,,,,application-specific|sensor-specifications
response_time,Response Time,Sensor response time,s,number,application-specific,sensor-specifications,1,1,3600,1,application-specific|sensor-specifications
selectivity,Selectivity,Analyte selectivity,-,number,application-specific,sensor-specifications,1,1,10,1,application-specific|sensor-specifications
stability,Stability,Sensor lifetime,days,number,application-specific,sensor-specifications,80,1,365,80,application-specific|sensor-specifications
target_analyte,Target Analyte,Detection target,-,select,application-specific,sensor-specifications,,,,,application-specific|sensor-specifications
ec_adjustment,Ec Adjustment,Electrical conductivity,mS/cm,number,application-specific,fertigation-systems,0,0,5,0,application-specific|fertigation-systems
nutrient_release_k,Nutrient Release K,Potassium release rate,mg/L/d,number,application-specific,fertigation-systems,0,0,100,0,application-specific|fertigation-systems
nutrient_release_n,Nutrient Release N,Nitrogen release rate,mg/L/d,number,application-specific,fertigation-systems,0,0,100,0,application-specific|fertigation-systems
nutrient_release_p,Nutrient Release P,Phosphorus release rate,mg/L/d,number,application-specific,fertigation-systems,0,0,50,0,application-specific|fertigation-systems
ph_buffering,Ph Buffering,pH stabilization,-,boolean,application-specific,fertigation-systems,,,,,application-specific|fertigation-systems
flexibility,Flexibility,Device flexibility,%,number,application-specific,wearable-systems,0,0,100,0,application-specific|wearable-systems
moisture_resistance,Moisture Resistance,Ingress protection,-,select,application-specific,wearable-systems,,,,,application-specific|wearable-systems
skin_contact_area,Skin Contact Area,Contact area,cm²,number,application-specific,wearable-systems,1,1,100,1,application-specific|wearable-systems
wireless_range,Wireless Range,Communication range,m,number,application-specific,wearable-systems,30,0.1,100,30,application-specific|wearable-systems
influent_bod,Influent Bod,Influent BOD,mg/L,number,application-specific,influent-characteristics,100,50,5000,100,application-specific|influent-characteristics
influent_cod,Influent Cod,Influent COD,mg/L,number,application-specific,influent-characteristics,200,100,10000,200,application-specific|influent-characteristics
influent_ph,Influent Ph,WW pH,-,number,application-specific,influent-characteristics,5.5,4,10,5.5,application-specific|influent-characteristics
influent_temperature,Influent Temperature,WW temperature,°C,number,application-specific,influent-characteristics,10,5,40,10,application-specific|influent-characteristics
influent_tn,Influent Tn,Total nitrogen,mg/L,number,application-specific,influent-characteristics,20,10,200,20,application-specific|influent-characteristics
influent_tp,Influent Tp,Total phosphorus,mg/L,number,application-specific,influent-characteristics,3,1,50,3,application-specific|influent-characteristics
influent_tss,Influent Tss,Total suspended solids,mg/L,number,application-specific,influent-characteristics,100,50,1000,100,application-specific|influent-characteristics
wastewater_type,Wastewater Type,WW source,-,select,application-specific,influent-characteristics,,,,,application-specific|influent-characteristics
launch_survival_g,Launch Survival G,Launch acceleration tolerance,g,number,application-specific,space-environment,0,0,20,0,application-specific|space-environment
radiation_tolerance,Radiation Tolerance,Radiation dose tolerance,Gy,number,application-specific,space-environment,0,0,1000,0,application-specific|space-environment
thermal_cycling,Thermal Cycling,Thermal cycle tolerance,cycles,number,application-specific,space-environment,20,0,10000,20,application-specific|space-environment
vacuum_compatibility,Vacuum Compatibility,Vacuum operation,-,boolean,application-specific,space-environment,,,,,application-specific|space-environment
anomaly_detection,Anomaly Detection,Fault detection enabled,-,boolean,emerging-technology,twin-applications,,,,,emerging-technology|twin-applications
optimization_frequency,Optimization Frequency,Optimization rate,/h,number,emerging-technology,twin-applications,0.1,0.1,60,0.1,emerging-technology|twin-applications
predictive_horizon,Predictive Horizon,Prediction time range,h,number,emerging-technology,twin-applications,0.1,0.1,720,0.1,emerging-technology|twin-applications
scenario_count,Scenario Count,Parallel scenarios,-,number,emerging-technology,twin-applications,1,1,1000,1,emerging-technology|twin-applications
bed_temperature,Bed Temperature,Build plate temperature,°C,number,emerging-technology,printing-parameters,50,20,150,50,emerging-technology|printing-parameters
layer_resolution,Layer Resolution,Layer thickness,μm,number,emerging-technology,printing-parameters,50,10,1000,50,emerging-technology|printing-parameters
nozzle_temperature,Nozzle Temperature,Extruder temperature,°C,number,emerging-technology,printing-parameters,200,20,400,200,emerging-technology|printing-parameters
printing_speed,Printing Speed,Print head speed,mm/s,number,emerging-technology,printing-parameters,10,1,500,10,emerging-technology|printing-parameters
printing_technology,Printing Technology,3D printing method,-,select,emerging-technology,printing-parameters,,,,,emerging-technology|printing-parameters
cofactor_regeneration,Cofactor Regeneration,Cofactor recycling,-,boolean,emerging-technology,synthetic-pathways,,,,,emerging-technology|synthetic-pathways
flux_balance,Flux Balance,Pathway balance,%,number,emerging-technology,synthetic-pathways,2,50,100,2,emerging-technology|synthetic-pathways
pathway_length,Pathway Length,Number of enzymes,enzymes,number,emerging-technology,synthetic-pathways,1,1,20,1,emerging-technology|synthetic-pathways
product_toxicity_threshold,Product Toxicity Threshold,Toxic concentration,g/L,number,emerging-technology,synthetic-pathways,0.1,0.1,100,0.1,emerging-technology|synthetic-pathways
coherence_time,Coherence Time,Quantum coherence duration,ps,number,emerging-technology,quantum-enhancement,0.1,0.1,1000,0.1,emerging-technology|quantum-enhancement
entanglement_efficiency,Entanglement Efficiency,Quantum entanglement,%,number,emerging-technology,quantum-enhancement,0.001,0,100,0.001,emerging-technology|quantum-enhancement
quantum_yield,Quantum Yield,Quantum efficiency,%,number,emerging-technology,quantum-enhancement,0,0,100,0,emerging-technology|quantum-enhancement
tunneling_distance,Tunneling Distance,Electron tunneling range,nm,number,emerging-technology,quantum-enhancement,0.5,0.1,10,0.5,emerging-technology|quantum-enhancement
computation_time,Computation Time,Simulation cycle time,s,number,emerging-technology,model-fidelity,1,0.001,3600,1,emerging-technology|model-fidelity
model_accuracy,Model Accuracy,Twin prediction accuracy,%,number,emerging-technology,model-fidelity,75,50,99.9,75,emerging-technology|model-fidelity
parameter_count,Parameter Count,Model parameters,-,number,emerging-technology,model-fidelity,10,10,10000,10,emerging-technology|model-fidelity
update_latency,Update Latency,Data synchronization delay,ms,number,emerging-technology,model-fidelity,100,1,10000,100,emerging-technology|model-fidelity
conductivity_printed,Conductivity Printed,Printed conductivity,S/m,number,emerging-technology,printable-materials,10,0,10000,10,emerging-technology|printable-materials
curing_method,Curing Method,Solidification method,-,select,emerging-technology,printable-materials,,,,,emerging-technology|printable-materials
material_viscosity,Material Viscosity,Printing ink viscosity,Pa·s,number,emerging-technology,printable-materials,1,0.001,10000,1,emerging-technology|printable-materials
shrinkage_rate,Shrinkage Rate,Post-printing shrinkage,%,number,emerging-technology,printable-materials,0.1,0,20,0.1,emerging-technology|printable-materials
copy_number,Copy Number,Gene copies per cell,-,number,emerging-technology,genetic-engineering,5,1,1000,5,emerging-technology|genetic-engineering
expression_stability,Expression Stability,Stable expression rate,%,number,emerging-technology,genetic-engineering,0.3,0,100,0.3,emerging-technology|genetic-engineering
metabolic_burden,Metabolic Burden,Growth rate reduction,%,number,emerging-technology,genetic-engineering,0,0,50,0,emerging-technology|genetic-engineering
promoter_strength,Promoter Strength,Expression level,-,select,emerging-technology,genetic-engineering,,,,,emerging-technology|genetic-engineering
vector_type,Vector Type,Gene delivery method,-,select,emerging-technology,genetic-engineering,,,,,emerging-technology|genetic-engineering
dispersion_quality,Dispersion Quality,Dispersion uniformity,-,number,emerging-technology,nanocomposite-integration,0.05,1,10,0.05,emerging-technology|nanocomposite-integration
interface_strength,Interface Strength,Matrix-filler adhesion,MPa,number,emerging-technology,nanocomposite-integration,0.001,1,100,0.001,emerging-technology|nanocomposite-integration
loading_percentage,Loading Percentage,Nanomaterial loading,wt%,number,emerging-technology,nanocomposite-integration,0.1,0.1,50,0.1,emerging-technology|nanocomposite-integration
percolation_threshold,Percolation Threshold,Electrical percolation,wt%,number,emerging-technology,nanocomposite-integration,0.01,0.01,10,0.01,emerging-technology|nanocomposite-integration
nanoparticle_shape,Nanoparticle Shape,Particle morphology,-,select,emerging-technology,nanoparticle-properties,,,,,emerging-technology|nanoparticle-properties
nanoparticle_size,Nanoparticle Size,Average particle size,nm,number,emerging-technology,nanoparticle-properties,1,1,1000,1,emerging-technology|nanoparticle-properties
size_distribution,Size Distribution,Size polydispersity,%,number,emerging-technology,nanoparticle-properties,5,5,50,5,emerging-technology|nanoparticle-properties
surface_charge,Surface Charge,Zeta potential,mV,number,emerging-technology,nanoparticle-properties,40,-100,100,40,emerging-technology|nanoparticle-properties
surface_functionalization,Surface Functionalization,Surface groups,-,select,emerging-technology,nanoparticle-properties,,,,,emerging-technology|nanoparticle-properties
access_road_width,Access Road Width,Access road requirements,m,number,integration-scaling,site-requirements,3,3,10,3,integration-scaling|site-requirements
building_footprint,Building Footprint,Building area,m²,number,integration-scaling,site-requirements,10,10,10000,10,integration-scaling|site-requirements
land_area,Land Area,Total site area,m²,number,integration-scaling,site-requirements,30,10,100000,30,integration-scaling|site-requirements
utility_connections,Utility Connections,Required utilities,-,array,integration-scaling,site-requirements,,,,,integration-scaling|site-requirements
carbon_recovery,Carbon Recovery,Carbon capture rate,%,number,integration-scaling,process-integration,0,0,99,0,integration-scaling|process-integration
heat_recovery,Heat Recovery,Waste heat utilization,%,number,integration-scaling,process-integration,10,0,90,10,integration-scaling|process-integration
nutrient_recovery,Nutrient Recovery,Nutrient recycling,%,number,integration-scaling,process-integration,0,0,99,0,integration-scaling|process-integration
water_recovery,Water Recovery,Water reuse rate,%,number,integration-scaling,process-integration,40,0,99,40,integration-scaling|process-integration
charge_rate,Charge Rate,Charge rate,C,number,integration-scaling,energy-storage-integration,0.1,0.1,10,0.1,integration-scaling|energy-storage-integration
discharge_rate,Discharge Rate,Discharge rate,C,number,integration-scaling,energy-storage-integration,1,0.1,10,1,integration-scaling|energy-storage-integration
storage_capacity,Storage Capacity,Battery capacity,kWh,number,integration-scaling,energy-storage-integration,0,0,10000,0,integration-scaling|energy-storage-integration
storage_efficiency,Storage Efficiency,Round-trip efficiency,%,number,integration-scaling,energy-storage-integration,50,50,99,50,integration-scaling|energy-storage-integration
communication_latency,Communication Latency,Network latency,ms,number,integration-scaling,communication-network,1,1,1000,1,integration-scaling|communication-network
data_throughput,Data Throughput,Data transfer rate,Mbps,number,integration-scaling,communication-network,0.1,0.1,1000,0.1,integration-scaling|communication-network
network_reliability,Network Reliability,Uptime percentage,%,number,integration-scaling,communication-network,90,90,99.999,90,integration-scaling|communication-network
grid_synchronization,Grid Synchronization,Grid sync required,-,boolean,integration-scaling,power-grid-connection,,,,,integration-scaling|power-grid-connection
grid_voltage,Grid Voltage,Grid connection voltage,V,number,integration-scaling,power-grid-connection,3,100,100000,3,integration-scaling|power-grid-connection
harmonic_distortion,Harmonic Distortion,THD percentage,%,number,integration-scaling,power-grid-connection,1.5,0,10,1.5,integration-scaling|power-grid-connection
islanding_protection,Islanding Protection,Anti-islanding protection,-,boolean,integration-scaling,power-grid-connection,,,,,integration-scaling|power-grid-connection
power_factor,Power Factor,Power factor,-,number,integration-scaling,power-grid-connection,0.5,0.5,1,0.5,integration-scaling|power-grid-connection
hybrid_control_mode,Hybrid Control Mode,Control strategy,-,select,integration-scaling,renewable-integration,,,,,integration-scaling|renewable-integration
renewable_fraction,Renewable Fraction,Renewable energy share,%,number,integration-scaling,renewable-integration,0,0,100,0,integration-scaling|renewable-integration
solar_capacity,Solar Capacity,Solar PV capacity,kW,number,integration-scaling,renewable-integration,0.5,0,10000,0.5,integration-scaling|renewable-integration
wind_capacity,Wind Capacity,Wind turbine capacity,kW,number,integration-scaling,renewable-integration,5,0,10000,5,integration-scaling|renewable-integration
interconnection_loss,Interconnection Loss,Module connection losses,%,number,integration-scaling,modular-design,2,0,20,2,integration-scaling|modular-design
module_size,Module Size,Standard module capacity,kW,number,integration-scaling,modular-design,0.1,0.1,1000,0.1,integration-scaling|modular-design
modules_per_system,Modules Per System,Number of modules,-,number,integration-scaling,modular-design,1,1,1000,1,integration-scaling|modular-design
redundancy_level,Redundancy Level,Backup capacity,%,number,integration-scaling,modular-design,0,0,100,0,integration-scaling|modular-design
lab_to_pilot_factor,Lab To Pilot Factor,Lab to pilot scale-up,-,number,integration-scaling,scale-transitions,10,10,1000,10,integration-scaling|scale-transitions
pilot_to_industrial_factor,Pilot To Industrial Factor,Pilot to industrial,-,number,integration-scaling,scale-transitions,10,10,1000,10,integration-scaling|scale-transitions
scale_cost_factor,Scale Cost Factor,Economy of scale factor,-,number,integration-scaling,scale-transitions,0.7,0.5,1,0.7,integration-scaling|scale-transitions
scale_efficiency_loss,Scale Efficiency Loss,Performance loss on scale-up,%,number,integration-scaling,scale-transitions,0,0,50,0,integration-scaling|scale-transitions
load_balancing,Load Balancing,Load distribution,-,select,integration-scaling,multi-reactor-networks,,,,,integration-scaling|multi-reactor-networks
network_efficiency,Network Efficiency,Overall network efficiency,%,number,integration-scaling,multi-reactor-networks,50,50,100,50,integration-scaling|multi-reactor-networks
network_topology,Network Topology,Network structure,-,select,integration-scaling,multi-reactor-networks,,,,,integration-scaling|multi-reactor-networks
reactor_count,Reactor Count,Reactors in network,-,number,integration-scaling,multi-reactor-networks,2,2,1000,2,integration-scaling|multi-reactor-networks
natural_gas,Natural Gas,Gas requirement,m³/h,number,integration-scaling,utility-requirements,0,0,1000,0,integration-scaling|utility-requirements
power_connection,Power Connection,Electrical service size,kVA,number,integration-scaling,utility-requirements,10,10,10000,10,integration-scaling|utility-requirements
wastewater_discharge,Wastewater Discharge,Wastewater generation,m³/d,number,integration-scaling,utility-requirements,50,0,1000,50,integration-scaling|utility-requirements
water_supply,Water Supply,Water requirement,m³/d,number,integration-scaling,utility-requirements,1,1,1000,1,integration-scaling|utility-requirements
